,Country/Region,Last Update,Confirmed,Deaths,Recovered,Date
0,Mainland China,2020-03-01T10:13:19,66907.0,2761.0,31536.0,01-03-2020
3,Mainland China,2020-03-01T14:13:18,1349.0,7.0,1016.0,01-03-2020
4,Mainland China,2020-03-01T14:13:18,1272.0,22.0,1198.0,01-03-2020
5,Mainland China,2020-03-01T10:13:33,1205.0,1.0,1046.0,01-03-2020
6,Mainland China,2020-03-01T10:03:03,1018.0,4.0,866.0,01-03-2020
7,Mainland China,2020-03-01T10:03:03,990.0,6.0,873.0,01-03-2020
9,Mainland China,2020-03-01T01:13:10,935.0,1.0,831.0,01-03-2020
10,Mainland China,2020-03-01T11:33:03,758.0,6.0,443.0,01-03-2020
12,Mainland China,2020-03-01T10:03:03,631.0,0.0,536.0,01-03-2020
13,Mainland China,2020-03-01T23:13:08,576.0,6.0,450.0,01-03-2020
14,Mainland China,2020-03-01T11:43:02,538.0,3.0,365.0,01-03-2020
15,Mainland China,2020-03-01T11:33:03,480.0,13.0,342.0,01-03-2020
16,Mainland China,2020-03-01T02:53:03,413.0,8.0,276.0,01-03-2020
17,Mainland China,2020-03-01T07:13:07,337.0,3.0,290.0,01-03-2020
18,Mainland China,2020-03-01T14:13:18,318.0,6.0,294.0,01-03-2020
19,Mainland China,2020-03-01T09:43:03,296.0,1.0,247.0,01-03-2020
21,Mainland China,2020-03-01T09:43:03,252.0,2.0,181.0,01-03-2020
22,Mainland China,2020-03-01T09:43:03,245.0,1.0,208.0,01-03-2020
23,Mainland China,2020-03-01T07:13:07,174.0,2.0,163.0,01-03-2020
24,Mainland China,2020-03-01T10:13:38,168.0,5.0,149.0,01-03-2020
25,Mainland China,2020-02-27T00:43:02,146.0,2.0,112.0,01-03-2020
26,Mainland China,2020-03-01T12:43:02,136.0,3.0,111.0,01-03-2020
27,Mainland China,2020-03-01T23:13:08,133.0,0.0,116.0,01-03-2020
30,Mainland China,2020-03-01T12:23:06,122.0,1.0,103.0,01-03-2020
33,Mainland China,2020-03-01T09:43:03,93.0,1.0,78.0,01-03-2020
34,Mainland China,2020-03-01T14:33:17,91.0,2.0,84.0,01-03-2020
36,Mainland China,2020-03-01T10:03:03,76.0,3.0,64.0,01-03-2020
37,Mainland China,2020-03-01T10:03:03,75.0,0.0,52.0,01-03-2020
38,Mainland China,2020-02-29T05:53:02,73.0,0.0,69.0,01-03-2020
49,Mainland China,2020-02-21T04:43:02,18.0,0.0,18.0,01-03-2020
103,Mainland China,2020-02-12T06:43:02,1.0,0.0,1.0,01-03-2020
0,Mainland China,2020-02-29T12:13:10,66337.0,2727.0,28993.0,29-02-2020
2,Mainland China,2020-02-29T15:33:03,1349.0,7.0,983.0,29-02-2020
3,Mainland China,2020-02-29T12:43:05,1272.0,21.0,1170.0,29-02-2020
4,Mainland China,2020-02-29T09:13:10,1205.0,1.0,1016.0,29-02-2020
6,Mainland China,2020-02-29T15:33:03,1018.0,4.0,846.0,29-02-2020
7,Mainland China,2020-02-29T05:03:13,990.0,6.0,868.0,29-02-2020
8,Mainland China,2020-02-29T01:23:07,935.0,1.0,811.0,29-02-2020
9,Mainland China,2020-02-29T15:33:03,756.0,6.0,421.0,29-02-2020
11,Mainland China,2020-02-29T07:23:11,631.0,0.0,523.0,29-02-2020
13,Mainland China,2020-02-29T23:13:06,576.0,6.0,438.0,29-02-2020
14,Mainland China,2020-02-29T12:03:07,538.0,3.0,351.0,29-02-2020
15,Mainland China,2020-02-29T12:03:07,480.0,13.0,301.0,29-02-2020
16,Mainland China,2020-02-29T03:33:02,411.0,8.0,271.0,29-02-2020
17,Mainland China,2020-02-29T06:23:03,337.0,3.0,287.0,29-02-2020
18,Mainland China,2020-02-29T15:33:03,318.0,6.0,282.0,29-02-2020
19,Mainland China,2020-02-29T15:33:03,296.0,1.0,243.0,29-02-2020
20,Mainland China,2020-02-29T12:03:07,252.0,2.0,176.0,29-02-2020
21,Mainland China,2020-02-29T09:03:06,245.0,1.0,207.0,29-02-2020
23,Mainland China,2020-02-29T05:03:13,174.0,2.0,157.0,29-02-2020
24,Mainland China,2020-02-29T23:43:02,168.0,5.0,148.0,29-02-2020
25,Mainland China,2020-02-27T00:43:02,146.0,2.0,112.0,29-02-2020
26,Mainland China,2020-02-29T12:03:07,136.0,3.0,109.0,29-02-2020
27,Mainland China,2020-02-29T23:13:06,133.0,0.0,114.0,29-02-2020
28,Mainland China,2020-02-29T15:33:03,121.0,1.0,96.0,29-02-2020
32,Mainland China,2020-02-29T09:13:10,93.0,1.0,75.0,29-02-2020
33,Mainland China,2020-02-28T02:33:02,91.0,2.0,82.0,29-02-2020
35,Mainland China,2020-02-29T12:03:07,76.0,3.0,62.0,29-02-2020
36,Mainland China,2020-02-29T09:03:06,75.0,0.0,49.0,29-02-2020
37,Mainland China,2020-02-29T05:53:02,73.0,0.0,69.0,29-02-2020
46,Mainland China,2020-02-21T04:43:02,18.0,0.0,18.0,29-02-2020
96,Mainland China,2020-02-12T06:43:02,1.0,0.0,1.0,29-02-2020
0,Mainland China,2020-02-28T00:43:01,65914.0,2682.0,26403.0,28-02-2020
2,Mainland China,2020-02-28T08:53:03,1348.0,7.0,935.0,28-02-2020
3,Mainland China,2020-02-28T09:23:02,1272.0,20.0,1112.0,28-02-2020
4,Mainland China,2020-02-28T10:03:12,1205.0,1.0,975.0,28-02-2020
5,Mainland China,2020-02-28T09:13:10,1017.0,4.0,830.0,28-02-2020
6,Mainland China,2020-02-28T04:43:02,990.0,6.0,821.0,28-02-2020
7,Mainland China,2020-02-28T01:13:11,935.0,1.0,790.0,28-02-2020
9,Mainland China,2020-02-28T09:23:02,756.0,6.0,405.0,28-02-2020
11,Mainland China,2020-02-28T08:53:03,631.0,0.0,515.0,28-02-2020
12,Mainland China,2020-02-28T23:23:03,576.0,6.0,422.0,28-02-2020
13,Mainland China,2020-02-28T09:23:02,538.0,3.0,338.0,28-02-2020
14,Mainland China,2020-02-28T04:43:02,480.0,13.0,283.0,28-02-2020
15,Mainland China,2020-02-28T02:23:05,410.0,7.0,257.0,28-02-2020
17,Mainland China,2020-02-28T04:53:03,337.0,3.0,279.0,28-02-2020
18,Mainland China,2020-02-28T08:53:03,318.0,6.0,277.0,28-02-2020
19,Mainland China,2020-02-28T09:13:10,296.0,1.0,235.0,28-02-2020
20,Mainland China,2020-02-28T09:13:10,252.0,2.0,168.0,28-02-2020
21,Mainland China,2020-02-28T08:53:03,245.0,1.0,199.0,28-02-2020
23,Mainland China,2020-02-28T05:03:09,174.0,2.0,156.0,28-02-2020
24,Mainland China,2020-02-28T08:53:03,168.0,5.0,133.0,28-02-2020
25,Mainland China,2020-02-27T00:43:02,146.0,2.0,112.0,28-02-2020
26,Mainland China,2020-02-27T23:13:04,136.0,3.0,102.0,28-02-2020
27,Mainland China,2020-02-28T23:23:03,133.0,0.0,112.0,28-02-2020
28,Mainland China,2020-02-27T14:13:06,121.0,1.0,93.0,28-02-2020
30,Mainland China,2020-02-28T08:53:03,93.0,1.0,73.0,28-02-2020
32,Mainland China,2020-02-28T02:33:02,91.0,2.0,82.0,28-02-2020
33,Mainland China,2020-02-28T07:43:02,76.0,3.0,52.0,28-02-2020
34,Mainland China,2020-02-28T07:23:03,75.0,0.0,45.0,28-02-2020
35,Mainland China,2020-02-27T10:03:07,72.0,0.0,68.0,28-02-2020
46,Mainland China,2020-02-21T04:43:02,18.0,0.0,18.0,28-02-2020
92,Mainland China,2020-02-12T06:43:02,1.0,0.0,1.0,28-02-2020
0,Mainland China,2020-02-27T12:13:14,65596.0,2641.0,23383.0,27-02-2020
2,Mainland China,2020-02-27T09:53:02,1347.0,7.0,890.0,27-02-2020
3,Mainland China,2020-02-27T15:03:11,1272.0,20.0,1068.0,27-02-2020
4,Mainland China,2020-02-27T12:43:02,1205.0,1.0,932.0,27-02-2020
5,Mainland China,2020-02-27T12:43:02,1017.0,4.0,804.0,27-02-2020
6,Mainland China,2020-02-27T14:13:06,989.0,6.0,792.0,27-02-2020
7,Mainland China,2020-02-27T01:43:02,934.0,1.0,754.0,27-02-2020
8,Mainland China,2020-02-27T14:13:06,756.0,6.0,387.0,27-02-2020
11,Mainland China,2020-02-27T14:13:06,631.0,0.0,498.0,27-02-2020
12,Mainland China,2020-02-27T23:23:02,576.0,6.0,401.0,27-02-2020
13,Mainland China,2020-02-27T12:43:02,534.0,3.0,321.0,27-02-2020
14,Mainland China,2020-02-27T12:43:02,480.0,13.0,270.0,27-02-2020
15,Mainland China,2020-02-27T02:23:13,410.0,5.0,248.0,27-02-2020
16,Mainland China,2020-02-27T04:03:12,337.0,3.0,276.0,27-02-2020
17,Mainland China,2020-02-27T12:43:02,317.0,6.0,274.0,27-02-2020
18,Mainland China,2020-02-27T10:03:07,296.0,1.0,228.0,27-02-2020
19,Mainland China,2020-02-27T10:03:07,252.0,2.0,161.0,27-02-2020
21,Mainland China,2020-02-27T12:43:02,245.0,1.0,195.0,27-02-2020
23,Mainland China,2020-02-27T10:03:07,174.0,2.0,150.0,27-02-2020
24,Mainland China,2020-02-27T10:03:07,168.0,5.0,131.0,27-02-2020
25,Mainland China,2020-02-27T00:43:02,146.0,2.0,112.0,27-02-2020
26,Mainland China,2020-02-27T23:13:04,136.0,3.0,102.0,27-02-2020
27,Mainland China,2020-02-27T23:13:04,133.0,0.0,107.0,27-02-2020
28,Mainland China,2020-02-27T14:13:06,121.0,1.0,93.0,27-02-2020
29,Mainland China,2020-02-27T12:43:02,93.0,1.0,67.0,27-02-2020
32,Mainland China,2020-02-26T14:13:10,91.0,2.0,81.0,27-02-2020
33,Mainland China,2020-02-27T12:43:02,76.0,2.0,43.0,27-02-2020
34,Mainland China,2020-02-27T23:33:02,75.0,0.0,43.0,27-02-2020
35,Mainland China,2020-02-27T10:03:07,72.0,0.0,68.0,27-02-2020
43,Mainland China,2020-02-21T04:43:02,18.0,0.0,18.0,27-02-2020
86,Mainland China,2020-02-12T06:43:02,1.0,0.0,1.0,27-02-2020
0,Mainland China,2020-02-26T14:13:10,65187.0,2615.0,20969.0,26-02-2020
1,Mainland China,2020-02-26T10:33:02,1347.0,7.0,851.0,26-02-2020
2,Mainland China,2020-02-26T10:33:02,1271.0,19.0,1033.0,26-02-2020
4,Mainland China,2020-02-26T10:33:02,1205.0,1.0,867.0,26-02-2020
5,Mainland China,2020-02-26T10:13:11,1016.0,4.0,783.0,26-02-2020
6,Mainland China,2020-02-26T10:13:11,989.0,6.0,744.0,26-02-2020
7,Mainland China,2020-02-26T01:13:04,934.0,1.0,719.0,26-02-2020
8,Mainland China,2020-02-26T12:43:02,756.0,6.0,377.0,26-02-2020
10,Mainland China,2020-02-26T10:13:11,631.0,0.0,478.0,26-02-2020
11,Mainland China,2020-02-26T23:43:02,576.0,6.0,384.0,26-02-2020
12,Mainland China,2020-02-26T10:13:11,531.0,3.0,307.0,26-02-2020
13,Mainland China,2020-02-26T10:33:02,480.0,12.0,249.0,26-02-2020
15,Mainland China,2020-02-26T00:53:02,400.0,4.0,235.0,26-02-2020
16,Mainland China,2020-02-26T23:53:01,337.0,3.0,272.0,26-02-2020
17,Mainland China,2020-02-26T10:33:02,312.0,6.0,261.0,26-02-2020
18,Mainland China,2020-02-26T10:33:02,294.0,1.0,218.0,26-02-2020
19,Mainland China,2020-02-26T14:13:10,252.0,2.0,147.0,26-02-2020
20,Mainland China,2020-02-26T14:13:10,245.0,1.0,192.0,26-02-2020
22,Mainland China,2020-02-26T05:13:16,174.0,2.0,144.0,26-02-2020
23,Mainland China,2020-02-26T12:43:02,168.0,5.0,129.0,26-02-2020
24,Mainland China,2020-02-25T08:03:07,146.0,2.0,104.0,26-02-2020
26,Mainland China,2020-02-26T12:43:02,135.0,3.0,96.0,26-02-2020
27,Mainland China,2020-02-26T14:13:10,133.0,0.0,104.0,26-02-2020
28,Mainland China,2020-02-26T00:13:05,121.0,1.0,88.0,26-02-2020
29,Mainland China,2020-02-26T14:13:10,93.0,1.0,65.0,26-02-2020
32,Mainland China,2020-02-26T14:13:10,91.0,2.0,81.0,26-02-2020
33,Mainland China,2020-02-26T14:23:03,76.0,2.0,34.0,26-02-2020
34,Mainland China,2020-02-26T15:03:05,75.0,0.0,38.0,26-02-2020
35,Mainland China,2020-02-26T03:53:01,71.0,0.0,65.0,26-02-2020
43,Mainland China,2020-02-21T04:43:02,18.0,0.0,18.0,26-02-2020
83,Mainland China,2020-02-12T06:43:02,1.0,0.0,1.0,26-02-2020
0,Mainland China,2020-02-25T15:23:04,64786.0,2563.0,18971.0,25-02-2020
1,Mainland China,2020-02-25T08:53:02,1347.0,7.0,822.0,25-02-2020
2,Mainland China,2020-02-25T12:43:02,1271.0,19.0,1002.0,25-02-2020
3,Mainland China,2020-02-25T09:13:05,1205.0,1.0,808.0,25-02-2020
4,Mainland China,2020-02-25T15:03:05,1016.0,4.0,768.0,25-02-2020
5,Mainland China,2020-02-25T06:33:02,989.0,6.0,712.0,25-02-2020
7,Mainland China,2020-02-25T15:03:05,934.0,1.0,683.0,25-02-2020
8,Mainland China,2020-02-25T12:53:02,756.0,6.0,355.0,25-02-2020
10,Mainland China,2020-02-25T00:53:02,631.0,0.0,458.0,25-02-2020
11,Mainland China,2020-02-25T23:23:03,576.0,6.0,372.0,25-02-2020
12,Mainland China,2020-02-25T15:03:05,529.0,3.0,289.0,25-02-2020
13,Mainland China,2020-02-25T15:23:04,480.0,12.0,243.0,25-02-2020
14,Mainland China,2020-02-25T01:33:02,400.0,4.0,215.0,25-02-2020
15,Mainland China,2020-02-25T06:33:02,336.0,3.0,268.0,25-02-2020
17,Mainland China,2020-02-25T12:43:02,311.0,6.0,248.0,25-02-2020
18,Mainland China,2020-02-25T10:03:07,294.0,1.0,199.0,25-02-2020
19,Mainland China,2020-02-25T10:03:07,252.0,2.0,134.0,25-02-2020
20,Mainland China,2020-02-25T15:23:04,245.0,1.0,186.0,25-02-2020
21,Mainland China,2020-02-25T04:53:02,174.0,2.0,129.0,25-02-2020
23,Mainland China,2020-02-25T12:53:02,168.0,5.0,124.0,25-02-2020
24,Mainland China,2020-02-25T08:03:07,146.0,2.0,104.0,25-02-2020
25,Mainland China,2020-02-25T15:23:04,135.0,3.0,91.0,25-02-2020
26,Mainland China,2020-02-25T23:13:03,133.0,0.0,98.0,25-02-2020
27,Mainland China,2020-02-25T00:23:03,121.0,1.0,83.0,25-02-2020
29,Mainland China,2020-02-25T15:23:04,93.0,1.0,63.0,25-02-2020
30,Mainland China,2020-02-24T15:13:07,91.0,2.0,80.0,25-02-2020
33,Mainland China,2020-02-24T15:03:05,76.0,2.0,30.0,25-02-2020
34,Mainland China,2020-02-25T23:53:02,75.0,0.0,35.0,25-02-2020
35,Mainland China,2020-02-25T03:53:02,71.0,0.0,61.0,25-02-2020
40,Mainland China,2020-02-21T04:43:02,18.0,0.0,18.0,25-02-2020
77,Mainland China,2020-02-12T06:43:02,1.0,0.0,1.0,25-02-2020
0,Mainland China,2020-02-24T11:13:09,64287.0,2495.0,16748.0,24-02-2020
1,Mainland China,2020-02-24T10:23:02,1345.0,6.0,786.0,24-02-2020
2,Mainland China,2020-02-24T13:23:05,1271.0,19.0,943.0,24-02-2020
3,Mainland China,2020-02-24T09:43:02,1205.0,1.0,782.0,24-02-2020
4,Mainland China,2020-02-24T14:13:11,1016.0,4.0,731.0,24-02-2020
5,Mainland China,2020-02-24T09:43:02,989.0,6.0,663.0,24-02-2020
6,Mainland China,2020-02-24T01:23:09,934.0,1.0,645.0,24-02-2020
8,Mainland China,2020-02-24T10:23:02,755.0,5.0,343.0,24-02-2020
10,Mainland China,2020-02-24T14:53:02,631.0,0.0,452.0,24-02-2020
11,Mainland China,2020-02-24T23:23:01,576.0,6.0,349.0,24-02-2020
12,Mainland China,2020-02-24T14:13:11,527.0,3.0,276.0,24-02-2020
13,Mainland China,2020-02-24T14:53:02,480.0,12.0,227.0,24-02-2020
14,Mainland China,2020-02-24T00:53:02,399.0,4.0,198.0,24-02-2020
15,Mainland China,2020-02-24T07:03:06,335.0,3.0,261.0,24-02-2020
16,Mainland China,2020-02-24T14:13:11,311.0,6.0,234.0,24-02-2020
17,Mainland China,2020-02-24T10:23:02,293.0,1.0,183.0,24-02-2020
18,Mainland China,2020-02-24T06:53:02,251.0,2.0,112.0,24-02-2020
19,Mainland China,2020-02-24T14:53:02,245.0,1.0,173.0,24-02-2020
21,Mainland China,2020-02-24T23:13:02,174.0,2.0,124.0,24-02-2020
22,Mainland China,2020-02-24T14:53:02,168.0,5.0,116.0,24-02-2020
24,Mainland China,2020-02-23T12:43:02,146.0,2.0,102.0,24-02-2020
25,Mainland China,2020-02-24T15:03:05,135.0,3.0,87.0,24-02-2020
26,Mainland China,2020-02-24T23:13:02,133.0,0.0,94.0,24-02-2020
27,Mainland China,2020-02-24T06:53:02,121.0,1.0,80.0,24-02-2020
28,Mainland China,2020-02-24T09:43:02,93.0,1.0,60.0,24-02-2020
29,Mainland China,2020-02-24T15:13:07,91.0,2.0,80.0,24-02-2020
32,Mainland China,2020-02-24T15:03:05,76.0,2.0,30.0,24-02-2020
33,Mainland China,2020-02-24T15:03:05,75.0,0.0,34.0,24-02-2020
34,Mainland China,2020-02-24T06:53:02,71.0,0.0,58.0,24-02-2020
39,Mainland China,2020-02-21T04:43:02,18.0,0.0,18.0,24-02-2020
73,Mainland China,2020-02-12T06:43:02,1.0,0.0,1.0,24-02-2020
0,Mainland China,2020-02-23T11:33:03,64084.0,2346.0,15343.0,23-02-2020
1,Mainland China,2020-02-23T08:53:02,1342.0,6.0,755.0,23-02-2020
2,Mainland China,2020-02-23T10:23:02,1271.0,19.0,868.0,23-02-2020
3,Mainland China,2020-02-23T13:43:02,1205.0,1.0,760.0,23-02-2020
4,Mainland China,2020-02-23T10:33:03,1016.0,4.0,714.0,23-02-2020
5,Mainland China,2020-02-23T10:53:02,989.0,6.0,637.0,23-02-2020
6,Mainland China,2020-02-23T09:23:02,934.0,1.0,613.0,23-02-2020
7,Mainland China,2020-02-23T11:33:03,754.0,4.0,321.0,23-02-2020
9,Mainland China,2020-02-23T08:53:02,631.0,0.0,418.0,23-02-2020
11,Mainland China,2020-02-23T23:13:05,575.0,6.0,335.0,23-02-2020
12,Mainland China,2020-02-23T08:53:02,526.0,3.0,261.0,23-02-2020
13,Mainland China,2020-02-23T13:43:02,480.0,12.0,222.0,23-02-2020
14,Mainland China,2020-02-23T01:13:13,399.0,4.0,189.0,23-02-2020
15,Mainland China,2020-02-23T03:13:07,335.0,3.0,249.0,23-02-2020
16,Mainland China,2020-02-23T11:33:03,311.0,6.0,219.0,23-02-2020
17,Mainland China,2020-02-23T10:33:03,293.0,1.0,170.0,23-02-2020
18,Mainland China,2020-02-23T10:33:03,249.0,2.0,106.0,23-02-2020
19,Mainland China,2020-02-23T12:13:14,245.0,1.0,163.0,23-02-2020
20,Mainland China,2020-02-23T05:33:03,174.0,2.0,115.0,23-02-2020
21,Mainland China,2020-02-23T23:23:03,168.0,5.0,106.0,23-02-2020
24,Mainland China,2020-02-23T12:43:02,146.0,2.0,102.0,23-02-2020
25,Mainland China,2020-02-23T12:43:02,135.0,3.0,81.0,23-02-2020
26,Mainland China,2020-02-23T23:03:08,132.0,0.0,88.0,23-02-2020
27,Mainland China,2020-02-23T13:33:02,121.0,1.0,73.0,23-02-2020
28,Mainland China,2020-02-23T13:23:06,91.0,2.0,78.0,23-02-2020
29,Mainland China,2020-02-23T12:43:02,91.0,1.0,54.0,23-02-2020
31,Mainland China,2020-02-23T14:43:04,76.0,2.0,28.0,23-02-2020
32,Mainland China,2020-02-23T09:43:02,75.0,0.0,27.0,23-02-2020
34,Mainland China,2020-02-23T05:33:03,71.0,0.0,56.0,23-02-2020
38,Mainland China,2020-02-21T04:43:02,18.0,0.0,18.0,23-02-2020
70,Mainland China,2020-02-12T06:43:02,1.0,0.0,1.0,23-02-2020
0,Mainland China,2020-02-22T23:33:06,64084.0,2346.0,15299.0,22-02-2020
1,Mainland China,2020-02-22T10:03:04,1339.0,5.0,728.0,22-02-2020
2,Mainland China,2020-02-22T14:13:38,1270.0,19.0,830.0,22-02-2020
3,Mainland China,2020-02-22T11:13:13,1205.0,1.0,719.0,22-02-2020
4,Mainland China,2020-02-22T10:03:04,1013.0,4.0,692.0,22-02-2020
5,Mainland China,2020-02-22T07:43:03,989.0,6.0,597.0,22-02-2020
6,Mainland China,2020-02-22T06:13:05,934.0,1.0,555.0,22-02-2020
7,Mainland China,2020-02-22T09:43:02,750.0,4.0,302.0,22-02-2020
9,Mainland China,2020-02-22T07:43:03,631.0,0.0,401.0,22-02-2020
10,Mainland China,2020-02-22T23:23:05,573.0,6.0,328.0,22-02-2020
11,Mainland China,2020-02-22T13:03:03,526.0,3.0,250.0,22-02-2020
12,Mainland China,2020-02-22T11:13:13,479.0,12.0,204.0,22-02-2020
14,Mainland China,2020-02-22T02:23:05,399.0,4.0,178.0,22-02-2020
15,Mainland China,2020-02-22T06:33:17,335.0,3.0,227.0,22-02-2020
16,Mainland China,2020-02-22T12:33:04,309.0,6.0,203.0,22-02-2020
17,Mainland China,2020-02-22T14:03:04,293.0,1.0,162.0,22-02-2020
18,Mainland China,2020-02-22T05:53:02,249.0,2.0,104.0,22-02-2020
19,Mainland China,2020-02-22T09:53:02,245.0,1.0,149.0,22-02-2020
20,Mainland China,2020-02-22T04:43:02,174.0,2.0,107.0,22-02-2020
21,Mainland China,2020-02-22T09:53:02,168.0,4.0,104.0,22-02-2020
22,Mainland China,2020-02-22T01:03:10,146.0,2.0,90.0,22-02-2020
23,Mainland China,2020-02-22T12:33:04,135.0,3.0,65.0,22-02-2020
24,Mainland China,2020-02-22T23:23:05,132.0,0.0,81.0,22-02-2020
26,Mainland China,2020-02-22T02:23:05,121.0,1.0,66.0,22-02-2020
27,Mainland China,2020-02-21T15:13:07,91.0,2.0,76.0,22-02-2020
28,Mainland China,2020-02-22T12:33:04,91.0,1.0,52.0,22-02-2020
30,Mainland China,2020-02-22T11:13:14,76.0,2.0,25.0,22-02-2020
31,Mainland China,2020-02-22T23:53:01,75.0,0.0,26.0,22-02-2020
32,Mainland China,2020-02-21T06:23:04,71.0,0.0,48.0,22-02-2020
38,Mainland China,2020-02-21T04:43:02,18.0,0.0,18.0,22-02-2020
70,Mainland China,2020-02-12T06:43:02,1.0,0.0,1.0,22-02-2020
0,Mainland China,2020-02-21T13:03:09,62662.0,2144.0,11881.0,21-02-2020
1,Mainland China,2020-02-21T10:13:09,1333.0,5.0,690.0,21-02-2020
2,Mainland China,2020-02-21T13:43:02,1267.0,19.0,736.0,21-02-2020
3,Mainland China,2020-02-21T10:23:02,1203.0,1.0,679.0,21-02-2020
4,Mainland China,2020-02-21T15:13:07,1011.0,4.0,661.0,21-02-2020
5,Mainland China,2020-02-21T10:13:09,988.0,6.0,539.0,21-02-2020
6,Mainland China,2020-02-21T01:13:05,934.0,1.0,489.0,21-02-2020
7,Mainland China,2020-02-21T10:23:02,749.0,4.0,281.0,21-02-2020
9,Mainland China,2020-02-21T11:43:01,631.0,0.0,373.0,21-02-2020
10,Mainland China,2020-02-21T23:13:14,572.0,6.0,316.0,21-02-2020
11,Mainland China,2020-02-21T12:53:01,525.0,3.0,231.0,21-02-2020
12,Mainland China,2020-02-21T11:43:01,479.0,12.0,175.0,21-02-2020
13,Mainland China,2020-02-21T01:03:09,396.0,4.0,169.0,21-02-2020
14,Mainland China,2020-02-21T05:53:01,334.0,2.0,211.0,21-02-2020
15,Mainland China,2020-02-21T12:53:01,308.0,5.0,184.0,21-02-2020
16,Mainland China,2020-02-21T11:43:01,293.0,1.0,149.0,21-02-2020
17,Mainland China,2020-02-21T11:43:01,246.0,2.0,97.0,21-02-2020
18,Mainland China,2020-02-21T11:43:01,245.0,1.0,134.0,21-02-2020
20,Mainland China,2020-02-21T06:23:04,174.0,2.0,96.0,21-02-2020
21,Mainland China,2020-02-21T10:13:09,168.0,4.0,95.0,21-02-2020
22,Mainland China,2020-02-21T12:53:01,146.0,2.0,77.0,21-02-2020
23,Mainland China,2020-02-21T23:33:06,132.0,0.0,78.0,21-02-2020
24,Mainland China,2020-02-21T12:53:01,132.0,3.0,62.0,21-02-2020
25,Mainland China,2020-02-21T01:33:02,121.0,1.0,61.0,21-02-2020
27,Mainland China,2020-02-21T15:13:07,91.0,2.0,76.0,21-02-2020
28,Mainland China,2020-02-21T10:13:09,91.0,1.0,45.0,21-02-2020
30,Mainland China,2020-02-21T13:43:02,76.0,1.0,24.0,21-02-2020
31,Mainland China,2020-02-21T08:03:15,75.0,0.0,17.0,21-02-2020
32,Mainland China,2020-02-21T06:23:04,71.0,0.0,48.0,21-02-2020
38,Mainland China,2020-02-21T04:43:02,18.0,0.0,18.0,21-02-2020
70,Mainland China,2020-02-12T06:43:02,1.0,0.0,1.0,21-02-2020
0,Mainland China,2020-02-20T23:43:02,62442.0,2144.0,11788.0,20-02-2020
1,Mainland China,2020-02-20T11:13:27,1332.0,5.0,642.0,20-02-2020
2,Mainland China,2020-02-20T13:53:06,1265.0,19.0,637.0,20-02-2020
3,Mainland China,2020-02-20T11:13:27,1175.0,1.0,633.0,20-02-2020
4,Mainland China,2020-02-20T11:13:27,1010.0,4.0,634.0,20-02-2020
5,Mainland China,2020-02-20T09:53:02,987.0,6.0,474.0,20-02-2020
6,Mainland China,2020-02-20T05:23:02,934.0,1.0,433.0,20-02-2020
8,Mainland China,2020-02-20T12:53:02,631.0,0.0,356.0,20-02-2020
9,Mainland China,2020-02-20T23:13:05,567.0,6.0,299.0,20-02-2020
10,Mainland China,2020-02-20T11:13:27,546.0,4.0,254.0,20-02-2020
11,Mainland China,2020-02-20T09:53:02,520.0,3.0,217.0,20-02-2020
12,Mainland China,2020-02-20T09:43:01,476.0,12.0,136.0,20-02-2020
13,Mainland China,2020-02-20T01:43:01,395.0,4.0,153.0,20-02-2020
14,Mainland China,2020-02-20T06:03:03,334.0,2.0,199.0,20-02-2020
15,Mainland China,2020-02-20T11:13:27,307.0,5.0,169.0,20-02-2020
16,Mainland China,2020-02-20T12:23:02,293.0,1.0,126.0,20-02-2020
17,Mainland China,2020-02-20T09:43:01,245.0,2.0,90.0,20-02-2020
18,Mainland China,2020-02-20T09:53:02,245.0,1.0,118.0,20-02-2020
19,Mainland China,2020-02-20T23:13:05,174.0,2.0,79.0,20-02-2020
20,Mainland China,2020-02-20T09:53:02,168.0,4.0,86.0,20-02-2020
21,Mainland China,2020-02-20T09:43:01,146.0,2.0,72.0,20-02-2020
22,Mainland China,2020-02-20T23:13:05,132.0,0.0,76.0,20-02-2020
23,Mainland China,2020-02-20T12:53:02,131.0,3.0,59.0,20-02-2020
24,Mainland China,2020-02-20T06:23:02,121.0,1.0,59.0,20-02-2020
27,Mainland China,2020-02-20T14:13:17,91.0,2.0,71.0,20-02-2020
28,Mainland China,2020-02-20T09:43:01,91.0,1.0,43.0,20-02-2020
30,Mainland China,2020-02-20T13:33:02,76.0,1.0,22.0,20-02-2020
31,Mainland China,2020-02-20T12:53:02,75.0,0.0,16.0,20-02-2020
32,Mainland China,2020-02-20T05:23:02,71.0,0.0,44.0,20-02-2020
36,Mainland China,2020-02-19T04:53:02,18.0,0.0,16.0,20-02-2020
64,Mainland China,2020-02-12T06:43:02,1.0,0.0,1.0,20-02-2020
0,Mainland China,2020-02-19T23:23:02,62031.0,2029.0,10337.0,19-02-2020
1,Mainland China,2020-02-19T10:23:02,1331.0,5.0,606.0,19-02-2020
2,Mainland China,2020-02-19T12:13:08,1262.0,19.0,573.0,19-02-2020
3,Mainland China,2020-02-19T11:33:02,1174.0,0.0,604.0,19-02-2020
4,Mainland China,2020-02-19T11:33:02,1008.0,4.0,561.0,19-02-2020
5,Mainland China,2020-02-19T14:13:03,986.0,6.0,413.0,19-02-2020
6,Mainland China,2020-02-19T01:23:07,934.0,1.0,362.0,19-02-2020
7,Mainland China,2020-02-19T12:13:08,631.0,0.0,318.0,19-02-2020
9,Mainland China,2020-02-19T23:23:02,560.0,5.0,274.0,19-02-2020
10,Mainland China,2020-02-19T12:03:07,544.0,3.0,231.0,19-02-2020
11,Mainland China,2020-02-19T13:53:02,514.0,3.0,188.0,19-02-2020
12,Mainland China,2020-02-19T11:03:08,470.0,12.0,120.0,19-02-2020
13,Mainland China,2020-02-19T04:53:02,393.0,4.0,145.0,19-02-2020
14,Mainland China,2020-02-19T04:43:02,333.0,2.0,186.0,19-02-2020
15,Mainland China,2020-02-19T13:23:02,306.0,4.0,152.0,19-02-2020
16,Mainland China,2020-02-19T11:53:02,293.0,0.0,112.0,19-02-2020
17,Mainland China,2020-02-19T09:13:12,244.0,2.0,86.0,19-02-2020
18,Mainland China,2020-02-19T10:23:02,242.0,0.0,102.0,19-02-2020
19,Mainland China,2020-02-19T23:33:02,172.0,1.0,60.0,19-02-2020
20,Mainland China,2020-02-19T23:43:02,168.0,4.0,84.0,19-02-2020
21,Mainland China,2020-02-19T10:53:02,146.0,2.0,70.0,19-02-2020
22,Mainland China,2020-02-19T23:53:02,131.0,0.0,68.0,19-02-2020
23,Mainland China,2020-02-19T13:03:03,130.0,3.0,54.0,19-02-2020
24,Mainland China,2020-02-19T01:23:07,121.0,1.0,55.0,19-02-2020
25,Mainland China,2020-02-19T13:53:02,91.0,2.0,65.0,19-02-2020
26,Mainland China,2020-02-19T06:03:08,90.0,1.0,37.0,19-02-2020
29,Mainland China,2020-02-19T07:03:07,76.0,1.0,20.0,19-02-2020
30,Mainland China,2020-02-19T11:03:08,75.0,0.0,10.0,19-02-2020
31,Mainland China,2020-02-19T01:53:02,71.0,0.0,42.0,19-02-2020
36,Mainland China,2020-02-19T04:53:02,18.0,0.0,16.0,19-02-2020
64,Mainland China,2020-02-12T06:43:02,1.0,0.0,1.0,19-02-2020
0,Mainland China,2020-02-18T23:13:11,61682.0,1921.0,9128.0,18-02-2020
1,Mainland China,2020-02-18T13:43:02,1328.0,4.0,565.0,18-02-2020
2,Mainland China,2020-02-18T14:23:02,1257.0,19.0,522.0,18-02-2020
3,Mainland China,2020-02-18T12:23:02,1172.0,0.0,535.0,18-02-2020
4,Mainland China,2020-02-18T13:43:02,1007.0,4.0,527.0,18-02-2020
5,Mainland China,2020-02-18T13:43:02,982.0,6.0,361.0,18-02-2020
6,Mainland China,2020-02-18T01:33:01,933.0,1.0,310.0,18-02-2020
7,Mainland China,2020-02-18T12:33:02,629.0,0.0,280.0,18-02-2020
8,Mainland China,2020-02-18T23:23:03,555.0,5.0,254.0,18-02-2020
9,Mainland China,2020-02-18T12:13:08,543.0,3.0,211.0,18-02-2020
11,Mainland China,2020-02-18T12:33:02,508.0,3.0,169.0,18-02-2020
12,Mainland China,2020-02-18T11:03:12,464.0,11.0,111.0,18-02-2020
13,Mainland China,2020-02-18T02:13:06,387.0,4.0,122.0,18-02-2020
14,Mainland China,2020-02-18T05:03:08,333.0,1.0,177.0,18-02-2020
15,Mainland China,2020-02-18T23:53:01,306.0,4.0,136.0,18-02-2020
16,Mainland China,2020-02-18T09:43:08,292.0,0.0,93.0,18-02-2020
17,Mainland China,2020-02-18T12:33:02,242.0,2.0,69.0,18-02-2020
18,Mainland China,2020-02-18T14:23:02,240.0,0.0,89.0,18-02-2020
19,Mainland China,2020-02-18T09:43:08,172.0,0.0,57.0,18-02-2020
20,Mainland China,2020-02-18T10:43:02,163.0,4.0,79.0,18-02-2020
21,Mainland China,2020-02-18T13:33:02,146.0,2.0,66.0,18-02-2020
22,Mainland China,2020-02-18T23:23:03,131.0,0.0,61.0,18-02-2020
23,Mainland China,2020-02-18T13:53:02,128.0,3.0,48.0,18-02-2020
24,Mainland China,2020-02-18T12:53:02,121.0,1.0,53.0,18-02-2020
25,Mainland China,2020-02-18T14:53:02,91.0,2.0,62.0,18-02-2020
26,Mainland China,2020-02-18T07:43:02,89.0,1.0,36.0,18-02-2020
28,Mainland China,2020-02-18T01:03:15,76.0,1.0,12.0,18-02-2020
30,Mainland China,2020-02-18T02:03:06,73.0,0.0,8.0,18-02-2020
31,Mainland China,2020-02-18T10:23:03,70.0,0.0,42.0,18-02-2020
36,Mainland China,2020-02-18T07:43:02,18.0,0.0,15.0,18-02-2020
63,Mainland China,2020-02-12T06:43:02,1.0,0.0,1.0,18-02-2020
0,Mainland China,2020-02-17T23:13:06,59989.0,1789.0,7862.0,17-02-2020
1,Mainland China,2020-02-17T12:43:02,1322.0,4.0,524.0,17-02-2020
2,Mainland China,2020-02-17T14:53:02,1246.0,16.0,509.0,17-02-2020
3,Mainland China,2020-02-17T11:23:06,1171.0,0.0,507.0,17-02-2020
4,Mainland China,2020-02-17T11:43:01,1006.0,3.0,498.0,17-02-2020
5,Mainland China,2020-02-17T09:13:07,973.0,6.0,280.0,17-02-2020
6,Mainland China,2020-02-17T01:33:02,930.0,1.0,275.0,17-02-2020
7,Mainland China,2020-02-17T10:23:04,626.0,0.0,258.0,17-02-2020
8,Mainland China,2020-02-17T23:13:06,553.0,5.0,225.0,17-02-2020
9,Mainland China,2020-02-17T11:03:06,541.0,2.0,191.0,17-02-2020
10,Mainland China,2020-02-17T13:13:09,495.0,3.0,156.0,17-02-2020
11,Mainland China,2020-02-17T08:03:06,457.0,11.0,85.0,17-02-2020
13,Mainland China,2020-02-17T01:23:02,381.0,4.0,114.0,17-02-2020
14,Mainland China,2020-02-17T23:53:02,333.0,1.0,161.0,17-02-2020
15,Mainland China,2020-02-17T13:03:06,301.0,3.0,122.0,17-02-2020
16,Mainland China,2020-02-17T10:23:04,290.0,0.0,90.0,17-02-2020
17,Mainland China,2020-02-17T11:43:01,240.0,0.0,79.0,17-02-2020
18,Mainland China,2020-02-17T10:23:04,238.0,2.0,53.0,17-02-2020
19,Mainland China,2020-02-17T10:23:04,171.0,0.0,47.0,17-02-2020
20,Mainland China,2020-02-17T11:03:06,163.0,4.0,59.0,17-02-2020
21,Mainland China,2020-02-17T11:13:16,146.0,1.0,57.0,17-02-2020
22,Mainland China,2020-02-17T22:53:01,130.0,0.0,53.0,17-02-2020
23,Mainland China,2020-02-17T12:43:02,125.0,3.0,46.0,17-02-2020
24,Mainland China,2020-02-17T11:13:16,121.0,1.0,43.0,17-02-2020
25,Mainland China,2020-02-17T14:53:02,91.0,2.0,58.0,17-02-2020
26,Mainland China,2020-02-17T11:03:06,89.0,1.0,34.0,17-02-2020
28,Mainland China,2020-02-17T01:53:01,75.0,1.0,12.0,17-02-2020
29,Mainland China,2020-02-17T02:03:06,72.0,0.0,8.0,17-02-2020
30,Mainland China,2020-02-17T11:03:06,70.0,0.0,35.0,17-02-2020
36,Mainland China,2020-02-15T08:43:03,18.0,0.0,13.0,17-02-2020
63,Mainland China,2020-02-12T06:43:02,1.0,0.0,1.0,17-02-2020
0,Mainland China,2020-02-16T23:53:01,58182.0,1696.0,6639.0,16-02-2020
1,Mainland China,2020-02-16T12:03:06,1316.0,2.0,465.0,16-02-2020
2,Mainland China,2020-02-16T13:53:03,1231.0,13.0,440.0,16-02-2020
3,Mainland China,2020-02-16T09:33:02,1167.0,0.0,456.0,16-02-2020
4,Mainland China,2020-02-16T13:13:04,1004.0,3.0,464.0,16-02-2020
5,Mainland China,2020-02-16T08:33:02,962.0,6.0,255.0,16-02-2020
6,Mainland China,2020-02-16T10:03:06,925.0,1.0,240.0,16-02-2020
7,Mainland China,2020-02-16T09:33:02,617.0,0.0,218.0,16-02-2020
8,Mainland China,2020-02-16T23:53:01,551.0,5.0,207.0,16-02-2020
9,Mainland China,2020-02-16T12:03:06,537.0,2.0,173.0,16-02-2020
10,Mainland China,2020-02-16T10:03:06,481.0,3.0,131.0,16-02-2020
11,Mainland China,2020-02-16T13:53:03,445.0,11.0,79.0,16-02-2020
12,Mainland China,2020-02-16T10:03:06,380.0,4.0,108.0,16-02-2020
14,Mainland China,2020-02-16T02:53:02,328.0,1.0,140.0,16-02-2020
15,Mainland China,2020-02-16T12:03:06,300.0,3.0,105.0,16-02-2020
16,Mainland China,2020-02-16T12:03:06,287.0,0.0,82.0,16-02-2020
17,Mainland China,2020-02-16T12:03:06,237.0,2.0,49.0,16-02-2020
18,Mainland China,2020-02-16T13:53:03,236.0,0.0,71.0,16-02-2020
19,Mainland China,2020-02-16T09:53:01,171.0,0.0,42.0,16-02-2020
20,Mainland China,2020-02-16T12:03:06,162.0,4.0,52.0,16-02-2020
21,Mainland China,2020-02-16T09:13:09,144.0,1.0,46.0,16-02-2020
22,Mainland China,2020-02-16T23:53:01,129.0,0.0,50.0,16-02-2020
23,Mainland China,2020-02-16T12:23:02,124.0,3.0,45.0,16-02-2020
24,Mainland China,2020-02-16T12:03:06,121.0,1.0,40.0,16-02-2020
25,Mainland China,2020-02-16T13:53:03,90.0,2.0,54.0,16-02-2020
26,Mainland China,2020-02-16T10:03:06,89.0,1.0,30.0,16-02-2020
28,Mainland China,2020-02-16T08:33:02,71.0,1.0,12.0,16-02-2020
29,Mainland China,2020-02-16T08:33:02,70.0,0.0,8.0,16-02-2020
30,Mainland China,2020-02-15T08:43:03,70.0,0.0,33.0,16-02-2020
36,Mainland China,2020-02-15T08:43:03,18.0,0.0,13.0,16-02-2020
63,Mainland China,2020-02-12T06:43:02,1.0,0.0,1.0,16-02-2020
0,Mainland China,2020-02-15T23:13:05,56249.0,1596.0,5623.0,15-02-2020
1,Mainland China,2020-02-15T14:03:04,1294.0,2.0,410.0,15-02-2020
2,Mainland China,2020-02-15T12:13:08,1212.0,13.0,391.0,15-02-2020
3,Mainland China,2020-02-15T11:23:17,1162.0,0.0,428.0,15-02-2020
4,Mainland China,2020-02-15T13:03:04,1001.0,2.0,425.0,15-02-2020
5,Mainland China,2020-02-15T12:13:08,950.0,6.0,221.0,15-02-2020
6,Mainland China,2020-02-15T01:33:02,913.0,1.0,210.0,15-02-2020
7,Mainland China,2020-02-15T12:13:08,604.0,0.0,186.0,15-02-2020
8,Mainland China,2020-02-15T23:23:07,544.0,5.0,184.0,15-02-2020
9,Mainland China,2020-02-15T11:23:17,532.0,2.0,156.0,15-02-2020
10,Mainland China,2020-02-15T08:43:03,470.0,1.0,119.0,15-02-2020
11,Mainland China,2020-02-15T11:43:01,425.0,11.0,68.0,15-02-2020
12,Mainland China,2020-02-15T09:53:01,375.0,4.0,98.0,15-02-2020
13,Mainland China,2020-02-15T03:13:06,326.0,1.0,124.0,15-02-2020
14,Mainland China,2020-02-15T13:03:04,291.0,3.0,101.0,15-02-2020
15,Mainland China,2020-02-15T13:03:04,285.0,0.0,71.0,15-02-2020
17,Mainland China,2020-02-15T06:33:01,235.0,2.0,44.0,15-02-2020
18,Mainland China,2020-02-15T12:13:08,232.0,0.0,60.0,15-02-2020
19,Mainland China,2020-02-15T06:33:01,168.0,0.0,42.0,15-02-2020
20,Mainland China,2020-02-15T11:23:17,162.0,4.0,39.0,15-02-2020
21,Mainland China,2020-02-15T14:53:04,143.0,1.0,41.0,15-02-2020
22,Mainland China,2020-02-15T23:13:05,128.0,0.0,46.0,15-02-2020
23,Mainland China,2020-02-15T13:43:01,122.0,3.0,37.0,15-02-2020
24,Mainland China,2020-02-15T09:53:01,119.0,1.0,31.0,15-02-2020
25,Mainland China,2020-02-15T12:13:08,90.0,2.0,49.0,15-02-2020
26,Mainland China,2020-02-15T12:13:08,88.0,1.0,26.0,15-02-2020
28,Mainland China,2020-02-15T08:43:03,70.0,0.0,33.0,15-02-2020
29,Mainland China,2020-02-15T09:53:01,70.0,1.0,10.0,15-02-2020
30,Mainland China,2020-02-15T14:03:04,68.0,0.0,7.0,15-02-2020
35,Mainland China,2020-02-15T08:43:03,18.0,0.0,13.0,15-02-2020
63,Mainland China,2020-02-12T06:43:02,1.0,0.0,1.0,15-02-2020
0,Mainland China,2020-02-14T23:33:02,54406.0,1457.0,4774.0,14-02-2020
1,Mainland China,2020-02-14T12:53:02,1261.0,2.0,362.0,14-02-2020
2,Mainland China,2020-02-14T12:53:02,1184.0,11.0,357.0,14-02-2020
3,Mainland China,2020-02-14T14:13:15,1155.0,0.0,403.0,14-02-2020
4,Mainland China,2020-02-14T09:23:04,988.0,2.0,364.0,14-02-2020
5,Mainland China,2020-02-14T12:53:02,934.0,6.0,193.0,14-02-2020
6,Mainland China,2020-02-14T01:13:06,900.0,1.0,187.0,14-02-2020
7,Mainland China,2020-02-14T10:03:03,593.0,0.0,157.0,14-02-2020
8,Mainland China,2020-02-14T23:33:02,537.0,5.0,152.0,14-02-2020
9,Mainland China,2020-02-14T11:13:22,523.0,2.0,136.0,14-02-2020
10,Mainland China,2020-02-14T11:13:22,463.0,1.0,114.0,14-02-2020
11,Mainland China,2020-02-14T13:23:07,419.0,11.0,47.0,14-02-2020
12,Mainland China,2020-02-14T06:33:02,372.0,3.0,80.0,14-02-2020
13,Mainland China,2020-02-14T04:13:11,318.0,1.0,90.0,14-02-2020
14,Mainland China,2020-02-14T11:13:22,283.0,3.0,87.0,14-02-2020
15,Mainland China,2020-02-14T11:13:22,281.0,0.0,63.0,14-02-2020
16,Mainland China,2020-02-14T12:53:02,230.0,0.0,54.0,14-02-2020
17,Mainland China,2020-02-14T15:23:02,226.0,2.0,36.0,14-02-2020
19,Mainland China,2020-02-14T12:53:02,162.0,0.0,36.0,14-02-2020
20,Mainland China,2020-02-14T15:23:02,159.0,4.0,43.0,14-02-2020
21,Mainland China,2020-02-14T01:53:02,140.0,1.0,28.0,14-02-2020
22,Mainland China,2020-02-14T23:23:04,127.0,0.0,38.0,14-02-2020
23,Mainland China,2020-02-14T11:13:22,120.0,3.0,31.0,14-02-2020
24,Mainland China,2020-02-14T15:23:02,119.0,1.0,29.0,14-02-2020
25,Mainland China,2020-02-13T15:53:03,90.0,2.0,39.0,14-02-2020
26,Mainland China,2020-02-14T00:43:02,86.0,1.0,25.0,14-02-2020
27,Mainland China,2020-02-14T01:43:02,67.0,0.0,24.0,14-02-2020
29,Mainland China,2020-02-14T02:03:08,65.0,0.0,6.0,14-02-2020
30,Mainland China,2020-02-14T01:13:06,65.0,1.0,6.0,14-02-2020
35,Mainland China,2020-02-13T08:43:08,18.0,0.0,11.0,14-02-2020
63,Mainland China,2020-02-12T06:43:02,1.0,0.0,1.0,14-02-2020
0,Mainland China,2020-02-13T14:13:06,48206.0,1310.0,3459.0,13-02-2020
1,Mainland China,2020-02-13T13:33:01,1241.0,2.0,314.0,13-02-2020
2,Mainland China,2020-02-13T14:53:02,1169.0,10.0,296.0,13-02-2020
3,Mainland China,2020-02-13T14:13:06,1145.0,0.0,360.0,13-02-2020
4,Mainland China,2020-02-13T11:53:02,968.0,2.0,339.0,13-02-2020
5,Mainland China,2020-02-13T13:33:01,910.0,5.0,157.0,13-02-2020
6,Mainland China,2020-02-13T01:13:08,872.0,1.0,170.0,13-02-2020
7,Mainland China,2020-02-13T10:33:23,570.0,0.0,139.0,13-02-2020
8,Mainland China,2020-02-13T23:23:05,529.0,4.0,128.0,13-02-2020
9,Mainland China,2020-02-13T13:33:01,509.0,2.0,105.0,13-02-2020
10,Mainland China,2020-02-13T13:33:01,451.0,1.0,104.0,13-02-2020
11,Mainland China,2020-02-13T12:13:06,395.0,9.0,33.0,13-02-2020
12,Mainland China,2020-02-13T14:13:06,366.0,3.0,69.0,13-02-2020
13,Mainland China,2020-02-13T06:13:15,315.0,1.0,62.0,13-02-2020
14,Mainland China,2020-02-13T10:33:23,279.0,0.0,57.0,13-02-2020
15,Mainland China,2020-02-13T10:33:23,265.0,3.0,68.0,13-02-2020
16,Mainland China,2020-02-13T10:33:23,229.0,0.0,46.0,13-02-2020
17,Mainland China,2020-02-13T00:23:10,222.0,2.0,33.0,13-02-2020
19,Mainland China,2020-02-13T10:43:03,157.0,4.0,30.0,13-02-2020
20,Mainland China,2020-02-13T08:43:08,156.0,0.0,27.0,13-02-2020
21,Mainland China,2020-02-13T10:33:23,135.0,1.0,27.0,13-02-2020
22,Mainland China,2020-02-13T23:23:05,126.0,0.0,36.0,13-02-2020
23,Mainland China,2020-02-13T23:43:02,119.0,3.0,21.0,13-02-2020
24,Mainland China,2020-02-13T14:33:02,117.0,1.0,22.0,13-02-2020
25,Mainland China,2020-02-13T15:53:03,90.0,2.0,39.0,13-02-2020
26,Mainland China,2020-02-13T13:33:01,84.0,1.0,24.0,13-02-2020
27,Mainland China,2020-02-13T01:23:08,64.0,0.0,24.0,13-02-2020
28,Mainland China,2020-02-13T10:33:23,63.0,1.0,6.0,13-02-2020
29,Mainland China,2020-02-13T01:23:08,61.0,0.0,6.0,13-02-2020
35,Mainland China,2020-02-13T08:43:08,18.0,0.0,11.0,13-02-2020
62,Mainland China,2020-02-12T06:43:02,1.0,0.0,1.0,13-02-2020
0,Mainland China,2020-02-12T14:13:08,33366.0,1068.0,2686.0,12-02-2020
1,Mainland China,2020-02-12T12:23:09,1219.0,1.0,275.0,12-02-2020
2,Mainland China,2020-02-12T14:13:08,1135.0,8.0,246.0,12-02-2020
3,Mainland China,2020-02-12T10:13:20,1131.0,0.0,321.0,12-02-2020
4,Mainland China,2020-02-12T12:43:03,946.0,2.0,304.0,12-02-2020
5,Mainland China,2020-02-12T10:13:20,889.0,4.0,127.0,12-02-2020
6,Mainland China,2020-02-12T01:23:06,844.0,1.0,152.0,12-02-2020
7,Mainland China,2020-02-12T14:13:08,543.0,0.0,125.0,12-02-2020
8,Mainland China,2020-02-12T23:13:08,518.0,3.0,102.0,12-02-2020
9,Mainland China,2020-02-12T11:13:05,497.0,2.0,92.0,12-02-2020
10,Mainland China,2020-02-12T12:43:03,436.0,1.0,92.0,12-02-2020
11,Mainland China,2020-02-12T14:13:08,378.0,8.0,31.0,12-02-2020
12,Mainland China,2020-02-12T02:43:03,352.0,3.0,56.0,12-02-2020
13,Mainland China,2020-02-12T06:23:08,311.0,1.0,57.0,12-02-2020
14,Mainland China,2020-02-12T11:53:02,272.0,0.0,53.0,12-02-2020
15,Mainland China,2020-02-12T11:13:05,251.0,2.0,54.0,12-02-2020
16,Mainland China,2020-02-12T11:13:05,225.0,0.0,43.0,12-02-2020
17,Mainland China,2020-02-12T15:03:05,222.0,1.0,32.0,12-02-2020
19,Mainland China,2020-02-12T17:03:03,157.0,4.0,27.0,12-02-2020
20,Mainland China,2020-02-12T14:13:08,154.0,0.0,26.0,12-02-2020
21,Mainland China,2020-02-12T09:43:02,133.0,1.0,18.0,12-02-2020
22,Mainland China,2020-02-12T23:03:02,126.0,0.0,33.0,12-02-2020
23,Mainland China,2020-02-12T13:33:02,116.0,1.0,20.0,12-02-2020
24,Mainland China,2020-02-12T15:03:05,112.0,2.0,11.0,12-02-2020
25,Mainland China,2020-02-12T23:23:01,87.0,2.0,31.0,12-02-2020
26,Mainland China,2020-02-12T14:13:08,83.0,1.0,22.0,12-02-2020
27,Mainland China,2020-02-12T11:13:05,60.0,0.0,6.0,12-02-2020
28,Mainland China,2020-02-12T01:43:02,59.0,0.0,3.0,12-02-2020
29,Mainland China,2020-02-12T11:13:05,58.0,0.0,24.0,12-02-2020
35,Mainland China,2020-02-12T08:03:06,18.0,0.0,9.0,12-02-2020
61,Mainland China,2020-02-12T06:43:02,1.0,0.0,1.0,12-02-2020
0,Mainland China,2020-02-11T23:33:02,33366.0,1068.0,2639.0,11-02-2020
1,Mainland China,2020-02-11T14:03:05,1177.0,1.0,212.0,11-02-2020
2,Mainland China,2020-02-11T12:53:02,1117.0,0.0,270.0,11-02-2020
3,Mainland China,2020-02-11T14:03:05,1105.0,7.0,218.0,11-02-2020
4,Mainland China,2020-02-11T12:53:02,912.0,1.0,247.0,11-02-2020
5,Mainland China,2020-02-11T09:43:02,860.0,4.0,105.0,11-02-2020
6,Mainland China,2020-02-11T14:03:05,804.0,1.0,128.0,11-02-2020
7,Mainland China,2020-02-11T08:13:06,515.0,0.0,93.0,11-02-2020
8,Mainland China,2020-02-11T23:53:02,505.0,3.0,79.0,11-02-2020
9,Mainland China,2020-02-11T11:23:04,487.0,1.0,80.0,11-02-2020
10,Mainland China,2020-02-11T11:23:04,417.0,1.0,85.0,11-02-2020
11,Mainland China,2020-02-11T11:23:04,360.0,8.0,28.0,11-02-2020
12,Mainland China,2020-02-11T03:03:07,342.0,3.0,48.0,11-02-2020
13,Mainland China,2020-02-11T06:23:02,303.0,1.0,52.0,11-02-2020
14,Mainland China,2020-02-11T14:03:05,267.0,0.0,45.0,11-02-2020
15,Mainland China,2020-02-11T11:23:04,239.0,2.0,48.0,11-02-2020
16,Mainland China,2020-02-11T06:03:16,219.0,0.0,32.0,11-02-2020
17,Mainland China,2020-02-11T11:23:04,215.0,1.0,33.0,11-02-2020
18,Mainland China,2020-02-11T09:23:04,153.0,0.0,20.0,11-02-2020
19,Mainland China,2020-02-11T14:33:02,144.0,3.0,20.0,11-02-2020
21,Mainland China,2020-02-11T14:03:05,127.0,1.0,17.0,11-02-2020
22,Mainland China,2020-02-11T23:33:02,124.0,0.0,30.0,11-02-2020
23,Mainland China,2020-02-11T12:53:02,111.0,0.0,19.0,11-02-2020
24,Mainland China,2020-02-11T23:13:05,106.0,2.0,10.0,11-02-2020
25,Mainland China,2020-02-11T15:23:04,86.0,2.0,24.0,11-02-2020
26,Mainland China,2020-02-11T08:03:06,81.0,1.0,18.0,11-02-2020
27,Mainland China,2020-02-10T02:43:05,58.0,0.0,5.0,11-02-2020
28,Mainland China,2020-02-11T09:13:11,55.0,0.0,3.0,11-02-2020
29,Mainland China,2020-02-11T10:03:08,53.0,0.0,22.0,11-02-2020
35,Mainland China,2020-02-11T11:23:04,18.0,0.0,5.0,11-02-2020
61,Mainland China,2020-02-01T01:52:40,1.0,0.0,0.0,11-02-2020
0,Mainland China,2020-02-10T23:33:02,31728.0,974.0,2222.0,10-02-2020
1,Mainland China,2020-02-10T13:43:02,1159.0,1.0,167.0,10-02-2020
2,Mainland China,2020-02-10T14:13:12,1092.0,0.0,242.0,10-02-2020
3,Mainland China,2020-02-10T13:53:02,1073.0,6.0,191.0,10-02-2020
4,Mainland China,2020-02-10T13:53:02,879.0,1.0,208.0,10-02-2020
5,Mainland China,2020-02-10T07:23:04,830.0,3.0,88.0,10-02-2020
6,Mainland China,2020-02-10T13:53:02,771.0,1.0,105.0,10-02-2020
7,Mainland China,2020-02-10T14:03:05,492.0,0.0,81.0,10-02-2020
8,Mainland China,2020-02-10T23:43:02,486.0,2.0,66.0,10-02-2020
9,Mainland China,2020-02-10T09:33:02,466.0,1.0,66.0,10-02-2020
10,Mainland China,2020-02-10T10:03:02,405.0,1.0,80.0,10-02-2020
11,Mainland China,2020-02-10T03:13:08,337.0,2.0,44.0,10-02-2020
12,Mainland China,2020-02-10T07:33:05,331.0,7.0,30.0,10-02-2020
13,Mainland China,2020-02-10T06:03:13,299.0,1.0,48.0,10-02-2020
14,Mainland China,2020-02-10T14:03:05,261.0,0.0,39.0,10-02-2020
15,Mainland China,2020-02-10T10:03:02,218.0,2.0,41.0,10-02-2020
16,Mainland China,2020-02-10T13:23:06,213.0,0.0,30.0,10-02-2020
17,Mainland China,2020-02-10T14:03:05,210.0,1.0,24.0,10-02-2020
18,Mainland China,2020-02-10T09:43:02,149.0,0.0,19.0,10-02-2020
19,Mainland China,2020-02-10T09:33:02,138.0,3.0,19.0,10-02-2020
21,Mainland China,2020-02-09T23:43:02,119.0,0.0,25.0,10-02-2020
22,Mainland China,2020-02-10T12:33:02,109.0,1.0,10.0,10-02-2020
23,Mainland China,2020-02-10T14:03:05,108.0,0.0,13.0,10-02-2020
24,Mainland China,2020-02-10T14:23:08,95.0,1.0,8.0,10-02-2020
25,Mainland China,2020-02-10T07:23:04,83.0,2.0,17.0,10-02-2020
26,Mainland China,2020-02-10T14:03:05,80.0,1.0,13.0,10-02-2020
27,Mainland China,2020-02-10T02:43:05,58.0,0.0,5.0,10-02-2020
28,Mainland China,2020-02-10T01:43:02,49.0,0.0,13.0,10-02-2020
29,Mainland China,2020-02-10T01:13:06,49.0,0.0,0.0,10-02-2020
35,Mainland China,2020-02-06T02:13:15,18.0,0.0,3.0,10-02-2020
61,Mainland China,2020-02-01T01:52:40,1.0,0.0,0.0,10-02-2020
0,Mainland China,2020-02-09T23:33:02,29631.0,871.0,1795.0,09-02-2020
1,Mainland China,2020-02-09T15:03:05,1131.0,1.0,141.0,09-02-2020
2,Mainland China,2020-02-09T12:03:04,1075.0,0.0,201.0,09-02-2020
3,Mainland China,2020-02-09T11:23:08,1033.0,6.0,153.0,09-02-2020
4,Mainland China,2020-02-09T12:33:01,838.0,1.0,186.0,09-02-2020
5,Mainland China,2020-02-09T09:33:02,779.0,1.0,72.0,09-02-2020
6,Mainland China,2020-02-09T11:33:12,740.0,0.0,73.0,09-02-2020
7,Mainland China,2020-02-09T23:53:02,468.0,2.0,51.0,09-02-2020
8,Mainland China,2020-02-09T10:23:11,468.0,0.0,71.0,09-02-2020
9,Mainland China,2020-02-09T15:03:05,444.0,1.0,63.0,09-02-2020
10,Mainland China,2020-02-09T12:43:01,386.0,1.0,71.0,09-02-2020
11,Mainland China,2020-02-09T03:43:02,326.0,2.0,37.0,09-02-2020
12,Mainland China,2020-02-09T08:43:05,307.0,6.0,14.0,09-02-2020
13,Mainland China,2020-02-09T06:33:01,293.0,1.0,44.0,09-02-2020
14,Mainland China,2020-02-09T09:13:11,250.0,0.0,35.0,09-02-2020
15,Mainland China,2020-02-09T03:03:09,208.0,0.0,25.0,09-02-2020
16,Mainland China,2020-02-09T12:43:01,206.0,2.0,34.0,09-02-2020
17,Mainland China,2020-02-09T00:33:07,195.0,1.0,18.0,09-02-2020
18,Mainland China,2020-02-09T08:53:02,141.0,0.0,18.0,09-02-2020
19,Mainland China,2020-02-09T13:33:02,131.0,3.0,19.0,09-02-2020
20,Mainland China,2020-02-09T23:43:02,119.0,0.0,25.0,09-02-2020
21,Mainland China,2020-02-09T12:23:03,107.0,0.0,12.0,09-02-2020
22,Mainland China,2020-02-09T09:53:02,99.0,1.0,7.0,09-02-2020
23,Mainland China,2020-02-09T23:43:02,91.0,1.0,4.0,09-02-2020
24,Mainland China,2020-02-09T23:33:02,83.0,2.0,16.0,09-02-2020
25,Mainland China,2020-02-09T09:03:04,78.0,1.0,12.0,09-02-2020
27,Mainland China,2020-02-09T02:23:07,54.0,0.0,5.0,09-02-2020
28,Mainland China,2020-02-09T02:03:11,45.0,0.0,13.0,09-02-2020
29,Mainland China,2020-02-09T01:23:08,45.0,0.0,0.0,09-02-2020
35,Mainland China,2020-02-06T02:13:15,18.0,0.0,3.0,09-02-2020
61,Mainland China,2020-02-01T01:52:40,1.0,0.0,0.0,09-02-2020
0,Mainland China,2020-02-08T23:33:06,27100.0,780.0,1439.0,08-02-2020
1,Mainland China,2020-02-08T11:53:01,1095.0,1.0,112.0,08-02-2020
2,Mainland China,2020-02-08T10:53:02,1048.0,0.0,175.0,08-02-2020
3,Mainland China,2020-02-08T14:13:12,981.0,4.0,116.0,08-02-2020
4,Mainland China,2020-02-08T12:53:01,803.0,1.0,156.0,08-02-2020
5,Mainland China,2020-02-08T07:43:02,733.0,0.0,59.0,08-02-2020
6,Mainland China,2020-02-08T01:23:02,698.0,0.0,55.0,08-02-2020
7,Mainland China,2020-02-08T10:23:04,439.0,0.0,51.0,08-02-2020
8,Mainland China,2020-02-08T11:03:15,428.0,2.0,39.0,08-02-2020
9,Mainland China,2020-02-08T11:33:02,416.0,0.0,44.0,08-02-2020
10,Mainland China,2020-02-08T15:23:04,364.0,1.0,60.0,08-02-2020
11,Mainland China,2020-02-08T03:13:09,315.0,2.0,34.0,08-02-2020
12,Mainland China,2020-02-08T04:03:09,295.0,5.0,13.0,08-02-2020
13,Mainland China,2020-02-08T06:33:02,286.0,1.0,41.0,08-02-2020
14,Mainland China,2020-02-08T08:13:10,239.0,0.0,24.0,08-02-2020
15,Mainland China,2020-02-08T11:33:02,195.0,1.0,30.0,08-02-2020
16,Mainland China,2020-02-08T10:13:06,195.0,0.0,20.0,08-02-2020
17,Mainland China,2020-02-08T00:23:03,183.0,0.0,17.0,08-02-2020
18,Mainland China,2020-02-08T08:43:02,138.0,0.0,17.0,08-02-2020
19,Mainland China,2020-02-08T10:23:04,124.0,2.0,14.0,08-02-2020
20,Mainland China,2020-02-08T23:53:02,115.0,0.0,21.0,08-02-2020
21,Mainland China,2020-02-08T11:53:01,105.0,0.0,8.0,08-02-2020
22,Mainland China,2020-02-08T06:43:03,89.0,1.0,7.0,08-02-2020
23,Mainland China,2020-02-08T08:23:04,88.0,1.0,4.0,08-02-2020
24,Mainland China,2020-02-08T15:13:14,79.0,1.0,12.0,08-02-2020
25,Mainland China,2020-02-08T00:13:04,69.0,1.0,4.0,08-02-2020
27,Mainland China,2020-02-08T03:33:02,52.0,0.0,5.0,08-02-2020
28,Mainland China,2020-02-08T09:13:16,45.0,0.0,15.0,08-02-2020
29,Mainland China,2020-02-08T03:23:10,42.0,0.0,0.0,08-02-2020
35,Mainland China,2020-02-06T02:13:15,18.0,0.0,3.0,08-02-2020
60,Mainland China,2020-02-01T01:52:40,1.0,0.0,0.0,08-02-2020
0,Mainland China,2020-02-07T23:43:02,24953.0,699.0,1115.0,07-02-2020
1,Mainland China,2020-02-07T10:13:06,1034.0,1.0,88.0,07-02-2020
2,Mainland China,2020-02-07T11:33:11,1006.0,0.0,123.0,07-02-2020
3,Mainland China,2020-02-07T14:03:12,914.0,3.0,86.0,07-02-2020
4,Mainland China,2020-02-07T11:33:11,772.0,0.0,112.0,07-02-2020
5,Mainland China,2020-02-07T05:13:07,665.0,0.0,47.0,07-02-2020
6,Mainland China,2020-02-07T01:23:02,661.0,0.0,45.0,07-02-2020
7,Mainland China,2020-02-07T23:33:02,426.0,2.0,31.0,07-02-2020
8,Mainland China,2020-02-07T14:03:12,408.0,0.0,43.0,07-02-2020
9,Mainland China,2020-02-07T11:33:11,386.0,0.0,37.0,07-02-2020
10,Mainland China,2020-02-07T08:23:09,344.0,1.0,42.0,07-02-2020
11,Mainland China,2020-02-07T03:23:02,297.0,1.0,33.0,07-02-2020
12,Mainland China,2020-02-07T07:43:02,277.0,3.0,12.0,07-02-2020
13,Mainland China,2020-02-07T06:14:15,277.0,1.0,30.0,07-02-2020
14,Mainland China,2020-02-07T13:23:03,224.0,0.0,20.0,07-02-2020
15,Mainland China,2020-02-07T08:23:09,184.0,0.0,17.0,07-02-2020
16,Mainland China,2020-02-07T00:33:02,172.0,0.0,17.0,07-02-2020
17,Mainland China,2020-02-07T12:03:04,172.0,1.0,22.0,07-02-2020
18,Mainland China,2020-02-07T23:23:04,138.0,0.0,12.0,07-02-2020
19,Mainland China,2020-02-07T12:33:02,117.0,2.0,10.0,07-02-2020
20,Mainland China,2020-02-07T23:43:02,104.0,0.0,15.0,07-02-2020
21,Mainland China,2020-02-07T15:33:03,99.0,0.0,7.0,07-02-2020
22,Mainland China,2020-02-07T11:13:07,81.0,1.0,6.0,07-02-2020
23,Mainland China,2020-02-07T05:43:03,81.0,1.0,2.0,07-02-2020
24,Mainland China,2020-02-07T02:33:06,67.0,0.0,9.0,07-02-2020
25,Mainland China,2020-02-07T00:43:02,65.0,1.0,4.0,07-02-2020
27,Mainland China,2020-02-07T11:13:07,50.0,0.0,5.0,07-02-2020
28,Mainland China,2020-02-07T11:13:07,43.0,0.0,5.0,07-02-2020
29,Mainland China,2020-02-07T01:43:02,39.0,0.0,0.0,07-02-2020
35,Mainland China,2020-02-06T02:13:15,18.0,0.0,3.0,07-02-2020
60,Mainland China,2020-02-01T01:52:40,1.0,0.0,0.0,07-02-2020
0,Mainland China,2020-02-06T23:23:02,22112.0,618.0,817.0,06-02-2020
1,Mainland China,2020-02-06T12:43:02,970.0,0.0,69.0,06-02-2020
2,Mainland China,2020-02-06T10:53:04,954.0,0.0,94.0,06-02-2020
3,Mainland China,2020-02-06T11:23:14,851.0,2.0,56.0,06-02-2020
4,Mainland China,2020-02-06T13:13:06,711.0,0.0,81.0,06-02-2020
5,Mainland China,2020-02-06T02:33:01,600.0,0.0,37.0,06-02-2020
6,Mainland China,2020-02-06T13:33:02,591.0,0.0,34.0,06-02-2020
7,Mainland China,2020-02-06T23:33:02,411.0,2.0,24.0,06-02-2020
8,Mainland China,2020-02-06T08:03:10,373.0,0.0,34.0,06-02-2020
9,Mainland China,2020-02-06T07:53:02,347.0,0.0,27.0,06-02-2020
10,Mainland China,2020-02-06T08:03:10,321.0,1.0,31.0,06-02-2020
11,Mainland China,2020-02-06T03:23:11,274.0,1.0,31.0,06-02-2020
12,Mainland China,2020-02-06T06:53:07,257.0,1.0,25.0,06-02-2020
13,Mainland China,2020-02-06T08:13:06,227.0,3.0,8.0,06-02-2020
14,Mainland China,2020-02-06T11:03:19,215.0,0.0,14.0,06-02-2020
15,Mainland China,2020-02-06T13:53:02,173.0,0.0,9.0,06-02-2020
16,Mainland China,2020-02-06T04:13:13,168.0,0.0,14.0,06-02-2020
17,Mainland China,2020-02-06T13:53:02,157.0,1.0,13.0,06-02-2020
18,Mainland China,2020-02-06T09:43:02,133.0,0.0,7.0,06-02-2020
19,Mainland China,2020-02-06T11:13:24,106.0,1.0,8.0,06-02-2020
20,Mainland China,2020-02-06T23:03:02,96.0,0.0,12.0,06-02-2020
21,Mainland China,2020-02-06T14:33:02,94.0,0.0,5.0,06-02-2020
22,Mainland China,2020-02-06T23:43:01,79.0,1.0,2.0,06-02-2020
23,Mainland China,2020-02-06T09:53:02,71.0,1.0,6.0,06-02-2020
24,Mainland China,2020-02-05T16:23:06,62.0,0.0,6.0,06-02-2020
25,Mainland China,2020-02-06T14:23:04,59.0,0.0,4.0,06-02-2020
26,Mainland China,2020-02-06T02:23:08,46.0,0.0,4.0,06-02-2020
28,Mainland China,2020-02-06T02:13:15,40.0,0.0,1.0,06-02-2020
29,Mainland China,2020-02-06T01:13:08,36.0,0.0,0.0,06-02-2020
34,Mainland China,2020-02-06T02:13:15,18.0,0.0,3.0,06-02-2020
59,Mainland China,2020-02-01T01:52:40,1.0,0.0,0.0,06-02-2020
0,Mainland China,2020-02-05T23:13:12,19665.0,549.0,633.0,05-02-2020
1,Mainland China,2020-02-05T13:23:04,895.0,0.0,49.0,05-02-2020
2,Mainland China,2020-02-05T15:13:02,895.0,0.0,78.0,05-02-2020
3,Mainland China,2020-02-05T15:03:02,764.0,2.0,47.0,05-02-2020
4,Mainland China,2020-02-05T15:23:02,661.0,0.0,54.0,05-02-2020
5,Mainland China,2020-02-05T01:33:07,548.0,0.0,27.0,05-02-2020
6,Mainland China,2020-02-05T13:43:02,530.0,0.0,23.0,05-02-2020
7,Mainland China,2020-02-05T23:43:02,389.0,2.0,15.0,05-02-2020
8,Mainland China,2020-02-05T12:43:02,341.0,0.0,23.0,05-02-2020
9,Mainland China,2020-02-05T10:13:13,307.0,0.0,15.0,05-02-2020
10,Mainland China,2020-02-05T10:13:13,301.0,1.0,24.0,05-02-2020
11,Mainland China,2020-02-05T05:43:02,253.0,1.0,24.0,05-02-2020
12,Mainland China,2020-02-05T06:23:04,243.0,1.0,15.0,05-02-2020
13,Mainland China,2020-02-05T12:33:01,205.0,0.0,11.0,05-02-2020
14,Mainland China,2020-02-05T12:13:04,190.0,2.0,7.0,05-02-2020
15,Mainland China,2020-02-05T08:43:01,165.0,0.0,6.0,05-02-2020
16,Mainland China,2020-02-05T12:03:08,150.0,0.0,13.0,05-02-2020
17,Mainland China,2020-02-05T11:23:18,135.0,1.0,6.0,05-02-2020
18,Mainland China,2020-02-05T23:33:02,128.0,0.0,5.0,05-02-2020
19,Mainland China,2020-02-05T16:43:04,99.0,1.0,5.0,05-02-2020
20,Mainland China,2020-02-05T15:23:02,89.0,0.0,4.0,05-02-2020
21,Mainland China,2020-02-05T15:23:02,81.0,0.0,5.0,05-02-2020
22,Mainland China,2020-02-05T03:43:02,69.0,1.0,2.0,05-02-2020
23,Mainland China,2020-02-05T12:33:02,64.0,1.0,9.0,05-02-2020
24,Mainland China,2020-02-05T16:23:06,62.0,0.0,6.0,05-02-2020
25,Mainland China,2020-02-05T11:03:16,54.0,0.0,2.0,05-02-2020
26,Mainland China,2020-02-05T08:53:02,42.0,0.0,3.0,05-02-2020
27,Mainland China,2020-02-04T02:13:18,34.0,0.0,1.0,05-02-2020
28,Mainland China,2020-02-05T02:03:13,32.0,0.0,0.0,05-02-2020
34,Mainland China,2020-02-05T03:13:05,17.0,0.0,3.0,05-02-2020
59,Mainland China,2020-02-01T01:52:40,1.0,0.0,0.0,05-02-2020
0,Mainland China,2020-02-04T23:43:01,16678.0,479.0,522.0,04-02-2020
1,Mainland China,2020-02-04T13:03:07,829.0,0.0,62.0,04-02-2020
2,Mainland China,2020-02-04T13:03:07,813.0,0.0,30.0,04-02-2020
3,Mainland China,2020-02-04T11:53:02,675.0,2.0,27.0,04-02-2020
4,Mainland China,2020-02-04T14:03:03,593.0,0.0,31.0,04-02-2020
5,Mainland China,2020-02-04T05:33:01,480.0,0.0,20.0,04-02-2020
6,Mainland China,2020-02-04T14:43:02,476.0,0.0,20.0,04-02-2020
7,Mainland China,2020-02-04T23:43:01,366.0,2.0,9.0,04-02-2020
8,Mainland China,2020-02-04T11:53:02,308.0,0.0,12.0,04-02-2020
9,Mainland China,2020-02-04T01:43:02,282.0,1.0,14.0,04-02-2020
10,Mainland China,2020-02-04T12:03:04,275.0,0.0,11.0,04-02-2020
11,Mainland China,2020-02-04T08:33:01,228.0,1.0,23.0,04-02-2020
12,Mainland China,2020-02-04T06:33:02,219.0,1.0,12.0,04-02-2020
13,Mainland China,2020-02-04T12:13:11,194.0,0.0,3.0,04-02-2020
14,Mainland China,2020-02-04T07:43:01,155.0,2.0,4.0,04-02-2020
15,Mainland China,2020-02-04T12:33:02,142.0,0.0,2.0,04-02-2020
16,Mainland China,2020-02-04T05:53:01,139.0,0.0,10.0,04-02-2020
17,Mainland China,2020-02-04T08:53:01,126.0,1.0,4.0,04-02-2020
18,Mainland China,2020-02-04T23:23:02,122.0,0.0,5.0,04-02-2020
19,Mainland China,2020-02-04T14:13:08,81.0,0.0,2.0,04-02-2020
20,Mainland China,2020-02-04T23:23:02,81.0,0.0,4.0,04-02-2020
21,Mainland China,2020-02-04T11:33:03,80.0,1.0,5.0,04-02-2020
22,Mainland China,2020-02-04T13:33:02,67.0,0.0,2.0,04-02-2020
23,Mainland China,2020-02-04T10:43:02,58.0,0.0,2.0,04-02-2020
24,Mainland China,2020-02-04T15:43:02,57.0,0.0,4.0,04-02-2020
25,Mainland China,2020-02-04T00:23:05,42.0,0.0,1.0,04-02-2020
26,Mainland China,2020-02-04T03:03:07,35.0,0.0,1.0,04-02-2020
27,Mainland China,2020-02-04T02:13:18,34.0,0.0,1.0,04-02-2020
28,Mainland China,2020-02-04T01:33:01,29.0,0.0,0.0,04-02-2020
34,Mainland China,2020-02-04T01:33:01,15.0,0.0,0.0,04-02-2020
59,Mainland China,2020-02-01T01:52:40,1.0,0.0,0.0,04-02-2020
0,Mainland China,2020-02-03T23:23:03,13522.0,414.0,386.0,03-02-2020
1,Mainland China,2020-02-03T12:53:02,725.0,0.0,21.0,03-02-2020
2,Mainland China,2020-02-03T13:33:02,724.0,0.0,43.0,03-02-2020
3,Mainland China,2020-02-03T17:11:34,566.0,2.0,16.0,03-02-2020
4,Mainland China,2020-02-03T11:03:10,521.0,0.0,22.0,03-02-2020
5,Mainland China,2020-02-03T17:11:34,408.0,0.0,14.0,03-02-2020
6,Mainland China,2020-02-03T01:33:02,391.0,0.0,18.0,03-02-2020
7,Mainland China,2020-02-03T23:43:02,337.0,2.0,9.0,03-02-2020
8,Mainland China,2020-02-03T11:03:10,271.0,0.0,8.0,03-02-2020
9,Mainland China,2020-02-03T17:11:34,259.0,0.0,7.0,03-02-2020
10,Mainland China,2020-02-03T11:23:23,254.0,1.0,14.0,03-02-2020
11,Mainland China,2020-02-03T09:23:05,212.0,1.0,12.0,03-02-2020
12,Mainland China,2020-02-03T07:03:12,203.0,1.0,10.0,03-02-2020
13,Mainland China,2020-02-03T11:33:13,179.0,0.0,1.0,03-02-2020
14,Mainland China,2020-02-03T02:33:02,128.0,0.0,0.0,03-02-2020
15,Mainland China,2020-02-03T12:33:02,127.0,0.0,7.0,03-02-2020
16,Mainland China,2020-02-03T07:13:19,121.0,2.0,2.0,03-02-2020
17,Mainland China,2020-02-03T23:23:03,117.0,0.0,5.0,03-02-2020
18,Mainland China,2020-02-03T00:23:14,113.0,1.0,3.0,03-02-2020
19,Mainland China,2020-02-03T17:11:34,74.0,0.0,1.0,03-02-2020
20,Mainland China,2020-02-03T23:13:11,74.0,0.0,2.0,03-02-2020
21,Mainland China,2020-02-03T17:11:34,72.0,1.0,4.0,03-02-2020
22,Mainland China,2020-02-03T13:53:03,60.0,0.0,1.0,03-02-2020
23,Mainland China,2020-02-03T23:03:08,55.0,0.0,3.0,03-02-2020
24,Mainland China,2020-02-03T01:03:22,46.0,0.0,2.0,03-02-2020
25,Mainland China,2020-02-03T03:03:09,34.0,0.0,1.0,03-02-2020
26,Mainland China,2020-02-03T00:53:03,31.0,0.0,1.0,03-02-2020
27,Mainland China,2020-02-03T08:33:03,31.0,0.0,1.0,03-02-2020
28,Mainland China,2020-02-03T01:13:21,24.0,0.0,0.0,03-02-2020
34,Mainland China,2020-02-03T02:43:01,13.0,0.0,0.0,03-02-2020
57,Mainland China,2020-02-01T01:52:40,1.0,0.0,0.0,03-02-2020
0,Mainland China,2020-02-02T23:43:02,11177.0,350.0,295.0,02-02-2020
1,Mainland China,2020-02-02T18:03:05,661.0,0.0,32.0,02-02-2020
2,Mainland China,2020-02-02T18:03:05,632.0,0.0,15.0,02-02-2020
3,Mainland China,2020-02-02T18:03:05,493.0,2.0,10.0,02-02-2020
4,Mainland China,2020-02-02T18:03:05,463.0,0.0,16.0,02-02-2020
5,Mainland China,2020-02-02T18:03:05,340.0,0.0,7.0,02-02-2020
6,Mainland China,2020-02-02T18:03:05,333.0,0.0,12.0,02-02-2020
7,Mainland China,2020-02-02T23:33:02,300.0,2.0,7.0,02-02-2020
8,Mainland China,2020-02-02T18:03:05,236.0,0.0,7.0,02-02-2020
9,Mainland China,2020-02-02T18:03:05,231.0,1.0,11.0,02-02-2020
10,Mainland China,2020-02-02T18:03:05,230.0,0.0,6.0,02-02-2020
11,Mainland China,2020-02-02T08:43:02,191.0,1.0,9.0,02-02-2020
12,Mainland China,2020-02-02T05:53:02,182.0,1.0,10.0,02-02-2020
13,Mainland China,2020-02-02T03:43:01,159.0,0.0,0.0,02-02-2020
14,Mainland China,2020-02-02T03:23:14,116.0,0.0,0.0,02-02-2020
15,Mainland China,2020-02-02T00:23:13,111.0,0.0,2.0,02-02-2020
16,Mainland China,2020-02-02T18:03:05,105.0,0.0,3.0,02-02-2020
17,Mainland China,2020-02-02T02:53:02,104.0,1.0,3.0,02-02-2020
18,Mainland China,2020-02-02T03:23:14,95.0,2.0,2.0,02-02-2020
19,Mainland China,2020-02-02T18:03:05,70.0,0.0,1.0,02-02-2020
20,Mainland China,2020-02-02T23:23:13,66.0,0.0,3.0,02-02-2020
21,Mainland China,2020-02-02T18:03:05,64.0,1.0,4.0,02-02-2020
22,Mainland China,2020-02-02T23:43:02,51.0,0.0,3.0,02-02-2020
23,Mainland China,2020-02-02T09:43:01,48.0,0.0,1.0,02-02-2020
24,Mainland China,2020-02-02T01:03:32,38.0,0.0,2.0,02-02-2020
25,Mainland China,2020-02-02T01:43:02,28.0,0.0,0.0,02-02-2020
26,Mainland China,2020-02-02T03:43:01,27.0,0.0,1.0,02-02-2020
27,Mainland China,2020-02-02T02:33:02,23.0,0.0,1.0,02-02-2020
28,Mainland China,2020-02-02T00:43:02,21.0,0.0,0.0,02-02-2020
34,Mainland China,2020-02-02T05:33:03,11.0,0.0,0.0,02-02-2020
55,Mainland China,2020-02-01T01:52:40,1.0,0.0,0.0,02-02-2020
0,Mainland China,02/01/2020 11:53,7153.0,249.0,168.0,01-02-2020
1,Mainland China,02/01/2020 10:53,599.0,0.0,21.0,01-02-2020
2,Mainland China,02/01/2020 14:23,535.0,0.0,14.0,01-02-2020
3,Mainland China,02/01/2020 01:52,422.0,2.0,3.0,01-02-2020
4,Mainland China,02/01/2020 11:03,389.0,0.0,8.0,01-02-2020
5,Mainland China,02/01/2020 13:33,297.0,0.0,5.0,01-02-2020
6,Mainland China,02/01/2020 01:52,286.0,0.0,9.0,01-02-2020
7,Mainland China,02/01/2020 08:43,247.0,1.0,3.0,01-02-2020
8,Mainland China,02/01/2020 01:52,207.0,1.0,3.0,01-02-2020
9,Mainland China,02/01/2020 07:51,206.0,0.0,3.0,01-02-2020
10,Mainland China,02/01/2020 14:03,202.0,0.0,6.0,01-02-2020
11,Mainland China,02/01/2020 06:05,169.0,1.0,10.0,01-02-2020
12,Mainland China,02/01/2020 09:17,168.0,1.0,9.0,01-02-2020
13,Mainland China,02/01/2020 05:37,144.0,0.0,0.0,01-02-2020
14,Mainland China,02/01/2020 05:37,101.0,0.0,0.0,01-02-2020
15,Mainland China,02/01/2020 01:52,100.0,0.0,2.0,01-02-2020
16,Mainland China,02/01/2020 01:52,96.0,1.0,0.0,01-02-2020
17,Mainland China,02/01/2020 15:53,93.0,0.0,2.0,01-02-2020
18,Mainland China,02/01/2020 10:33,80.0,2.0,2.0,01-02-2020
19,Mainland China,02/01/2020 15:23,64.0,0.0,1.0,01-02-2020
20,Mainland China,02/01/2020 08:43,62.0,1.0,1.0,01-02-2020
21,Mainland China,02/01/2020 01:52,47.0,0.0,1.0,01-02-2020
22,Mainland China,02/01/2020 15:43,41.0,0.0,0.0,01-02-2020
23,Mainland China,02/01/2020 15:43,40.0,0.0,0.0,01-02-2020
24,Mainland China,1/31/2020 15:20,29.0,0.0,2.0,01-02-2020
25,Mainland China,02/01/2020 02:13,26.0,0.0,0.0,01-02-2020
26,Mainland China,02/01/2020 05:37,23.0,0.0,1.0,01-02-2020
29,Mainland China,02/01/2020 05:37,18.0,0.0,0.0,01-02-2020
30,Mainland China,02/01/2020 01:52,17.0,0.0,1.0,01-02-2020
35,Mainland China,02/01/2020 05:37,9.0,0.0,0.0,01-02-2020
54,Mainland China,02/01/2020 01:52,1.0,0.0,0.0,01-02-2020
0,Mainland China,1/31/2020 23:59,5806.0,204.0,141.0,31-01-2020
1,Mainland China,1/31/2020 23:59,538.0,,14.0,31-01-2020
2,Mainland China,1/31/2020 23:59,436.0,,11.0,31-01-2020
3,Mainland China,1/31/2020 23:59,352.0,2.0,3.0,31-01-2020
4,Mainland China,1/31/2020 23:59,332.0,,2.0,31-01-2020
5,Mainland China,1/31/2020 23:59,240.0,,7.0,31-01-2020
6,Mainland China,1/31/2020 23:59,237.0,,3.0,31-01-2020
7,Mainland China,1/31/2020 23:59,211.0,,1.0,31-01-2020
8,Mainland China,1/31/2020 23:59,184.0,,2.0,31-01-2020
9,Mainland China,1/31/2020 23:59,177.0,1.0,1.0,31-01-2020
10,Mainland China,1/31/2020 23:59,168.0,,5.0,31-01-2020
11,Mainland China,1/31/2020 23:59,139.0,1.0,5.0,31-01-2020
12,Mainland China,1/31/2020 23:59,135.0,1.0,9.0,31-01-2020
13,Mainland China,1/31/2020 23:59,120.0,,,31-01-2020
14,Mainland China,1/31/2020 23:59,87.0,,2.0,31-01-2020
15,Mainland China,1/31/2020 23:59,87.0,,,31-01-2020
16,Mainland China,1/31/2020 23:59,83.0,,1.0,31-01-2020
17,Mainland China,1/31/2020 23:59,82.0,1.0,,31-01-2020
18,Mainland China,1/31/2020 23:59,59.0,2.0,,31-01-2020
19,Mainland China,1/31/2020 23:59,52.0,1.0,1.0,31-01-2020
20,Mainland China,1/31/2020 23:59,48.0,,1.0,31-01-2020
21,Mainland China,1/31/2020 23:59,39.0,,1.0,31-01-2020
22,Mainland China,1/31/2020 23:59,32.0,,,31-01-2020
23,Mainland China,1/31/2020 23:59,29.0,,2.0,31-01-2020
24,Mainland China,1/31/2020 23:59,29.0,,,31-01-2020
25,Mainland China,1/31/2020 23:59,21.0,,,31-01-2020
26,Mainland China,1/31/2020 23:59,20.0,,1.0,31-01-2020
27,Mainland China,1/31/2020 23:59,17.0,,,31-01-2020
28,Mainland China,1/31/2020 23:59,14.0,,1.0,31-01-2020
31,Mainland China,1/31/2020 23:59,8.0,,,31-01-2020
33,Mainland China,1/31/2020 23:59,1.0,,,31-01-2020
0,Mainland China,1/30/20 16:00,4903.0,162.0,90.0,30-01-2020
1,Mainland China,1/30/20 16:00,428.0,,4.0,30-01-2020
2,Mainland China,1/30/20 16:00,354.0,,10.0,30-01-2020
3,Mainland China,1/30/20 16:00,278.0,2.0,2.0,30-01-2020
4,Mainland China,1/30/20 16:00,277.0,,2.0,30-01-2020
5,Mainland China,1/30/20 16:00,200.0,,2.0,30-01-2020
6,Mainland China,1/30/20 16:00,182.0,,1.0,30-01-2020
7,Mainland China,1/30/20 16:00,162.0,,5.0,30-01-2020
8,Mainland China,1/30/20 16:00,158.0,,1.0,30-01-2020
9,Mainland China,1/30/20 16:00,142.0,1.0,1.0,30-01-2020
10,Mainland China,1/30/20 16:00,129.0,,1.0,30-01-2020
11,Mainland China,1/30/20 16:00,114.0,1.0,4.0,30-01-2020
12,Mainland China,1/30/20 16:00,112.0,1.0,5.0,30-01-2020
13,Mainland China,1/30/20 16:00,101.0,,,30-01-2020
14,Mainland China,1/30/20 16:00,78.0,,2.0,30-01-2020
15,Mainland China,1/30/20 16:00,70.0,,,30-01-2020
16,Mainland China,1/30/20 16:00,65.0,1.0,,30-01-2020
17,Mainland China,1/30/20 16:00,63.0,,,30-01-2020
18,Mainland China,1/30/20 16:00,46.0,1.0,1.0,30-01-2020
19,Mainland China,1/30/20 16:00,44.0,2.0,,30-01-2020
20,Mainland China,1/30/20 16:00,41.0,,1.0,30-01-2020
21,Mainland China,1/30/20 16:00,35.0,,1.0,30-01-2020
22,Mainland China,1/30/20 16:00,31.0,,,30-01-2020
23,Mainland China,1/30/20 16:00,26.0,,,30-01-2020
24,Mainland China,1/30/20 16:00,19.0,,,30-01-2020
25,Mainland China,1/30/20 16:00,17.0,,,30-01-2020
26,Mainland China,1/30/20 16:00,14.0,,1.0,30-01-2020
27,Mainland China,1/30/20 16:00,14.0,,,30-01-2020
28,Mainland China,1/30/20 16:00,12.0,,1.0,30-01-2020
31,Mainland China,1/30/20 16:00,8.0,,,30-01-2020
33,Mainland China,1/30/20 16:00,1.0,,,30-01-2020
0,Mainland China,1/29/20 19:30,3554.0,125.0,88.0,29-01-2020
1,Mainland China,1/29/20 19:30,296.0,,3.0,29-01-2020
2,Mainland China,1/29/20 19:30,277.0,,5.0,29-01-2020
3,Mainland China,1/29/20 19:30,221.0,,,29-01-2020
4,Mainland China,1/29/20 19:30,206.0,2.0,1.0,29-01-2020
5,Mainland China,1/29/20 19:30,152.0,,2.0,29-01-2020
6,Mainland China,1/29/20 19:30,147.0,,1.0,29-01-2020
7,Mainland China,1/29/20 19:30,130.0,,1.0,29-01-2020
8,Mainland China,1/29/20 19:30,111.0,1.0,4.0,29-01-2020
9,Mainland China,1/29/20 19:30,109.0,,3.0,29-01-2020
10,Mainland China,1/29/20 19:30,108.0,1.0,1.0,29-01-2020
11,Mainland China,1/29/20 19:30,99.0,,1.0,29-01-2020
12,Mainland China,1/29/20 19:30,96.0,1.0,5.0,29-01-2020
13,Mainland China,1/29/20 19:30,84.0,,,29-01-2020
14,Mainland China,1/29/20 19:30,58.0,,2.0,29-01-2020
15,Mainland China,1/29/20 19:30,56.0,,,29-01-2020
16,Mainland China,1/29/20 19:30,55.0,,,29-01-2020
17,Mainland China,1/29/20 19:30,48.0,1.0,,29-01-2020
18,Mainland China,1/29/20 19:30,43.0,1.0,,29-01-2020
19,Mainland China,1/29/20 19:30,39.0,,1.0,29-01-2020
20,Mainland China,1/29/20 19:30,38.0,1.0,,29-01-2020
21,Mainland China,1/29/20 19:30,27.0,,,29-01-2020
22,Mainland China,1/29/20 19:30,27.0,,1.0,29-01-2020
23,Mainland China,1/29/20 19:30,24.0,,,29-01-2020
24,Mainland China,1/29/20 19:30,16.0,,,29-01-2020
25,Mainland China,1/29/20 19:30,13.0,,,29-01-2020
26,Mainland China,1/29/20 19:30,12.0,,,29-01-2020
28,Mainland China,1/29/20 19:30,9.0,,1.0,29-01-2020
29,Mainland China,1/29/20 19:30,9.0,,,29-01-2020
32,Mainland China,1/29/20 19:30,6.0,,,29-01-2020
0,Mainland China,1/28/20 23:00,3554.0,125.0,80.0,28-01-2020
1,Mainland China,1/28/20 23:00,207.0,,4.0,28-01-2020
2,Mainland China,1/28/20 23:00,173.0,,3.0,28-01-2020
3,Mainland China,1/28/20 23:00,168.0,1.0,,28-01-2020
4,Mainland China,1/28/20 23:00,143.0,,,28-01-2020
5,Mainland China,1/28/20 23:00,132.0,,,28-01-2020
6,Mainland China,1/28/20 23:00,109.0,,3.0,28-01-2020
7,Mainland China,1/28/20 23:00,106.0,,,28-01-2020
8,Mainland China,1/28/20 23:00,95.0,,,28-01-2020
9,Mainland China,1/28/20 23:00,91.0,1.0,4.0,28-01-2020
10,Mainland China,1/28/20 23:00,90.0,,,28-01-2020
11,Mainland China,1/28/20 23:00,80.0,,,28-01-2020
12,Mainland China,1/28/20 23:00,70.0,,1.0,28-01-2020
13,Mainland China,1/28/20 23:00,66.0,1.0,4.0,28-01-2020
14,Mainland China,1/28/20 23:00,51.0,,2.0,28-01-2020
15,Mainland China,1/28/20 23:00,46.0,,,28-01-2020
16,Mainland China,1/28/20 23:00,44.0,,,28-01-2020
17,Mainland China,1/28/20 23:00,40.0,1.0,,28-01-2020
18,Mainland China,1/28/20 23:00,34.0,,,28-01-2020
19,Mainland China,1/28/20 23:00,33.0,1.0,,28-01-2020
20,Mainland China,1/28/20 23:00,33.0,1.0,,28-01-2020
21,Mainland China,1/28/20 23:00,27.0,,,28-01-2020
22,Mainland China,1/28/20 23:00,24.0,,,28-01-2020
23,Mainland China,1/28/20 23:00,19.0,,,28-01-2020
24,Mainland China,1/28/20 23:00,15.0,,,28-01-2020
25,Mainland China,1/28/20 23:00,11.0,,,28-01-2020
26,Mainland China,1/28/20 23:00,10.0,,,28-01-2020
27,Mainland China,1/28/20 23:00,9.0,,,28-01-2020
28,Mainland China,1/28/20 23:00,8.0,,,28-01-2020
32,Mainland China,1/28/20 23:00,6.0,,,28-01-2020
0,Mainland China,1/27/20 23:59,1423.0,76.0,45.0,27-01-2020
1,Mainland China,1/27/20 23:59,151.0,,4.0,27-01-2020
2,Mainland China,1/27/20 23:59,128.0,,1.0,27-01-2020
3,Mainland China,1/27/20 23:59,128.0,1.0,,27-01-2020
4,Mainland China,1/27/20 23:59,110.0,,,27-01-2020
5,Mainland China,1/27/20 23:59,100.0,,,27-01-2020
6,Mainland China,1/27/20 23:59,80.0,1.0,2.0,27-01-2020
7,Mainland China,1/27/20 23:59,75.0,,,27-01-2020
8,Mainland China,1/27/20 23:59,72.0,,2.0,27-01-2020
9,Mainland China,1/27/20 23:59,70.0,,,27-01-2020
10,Mainland China,1/27/20 23:59,69.0,,,27-01-2020
11,Mainland China,1/27/20 23:59,59.0,,,27-01-2020
12,Mainland China,1/27/20 23:59,53.0,1.0,3.0,27-01-2020
13,Mainland China,1/27/20 23:59,47.0,,1.0,27-01-2020
14,Mainland China,1/27/20 23:59,46.0,,,27-01-2020
15,Mainland China,1/27/20 23:59,35.0,,,27-01-2020
16,Mainland China,1/27/20 23:59,33.0,1.0,,27-01-2020
17,Mainland China,1/27/20 23:59,27.0,,,27-01-2020
18,Mainland China,1/27/20 23:59,26.0,,,27-01-2020
19,Mainland China,1/27/20 23:59,23.0,,,27-01-2020
20,Mainland China,1/27/20 23:59,21.0,1.0,,27-01-2020
21,Mainland China,1/27/20 23:59,18.0,1.0,,27-01-2020
22,Mainland China,1/27/20 23:59,14.0,,,27-01-2020
23,Mainland China,1/27/20 23:59,13.0,,,27-01-2020
24,Mainland China,1/27/20 23:59,11.0,,,27-01-2020
26,Mainland China,1/27/20 23:59,7.0,,,27-01-2020
27,Mainland China,1/27/20 23:59,7.0,,,27-01-2020
28,Mainland China,1/27/20 23:59,6.0,,,27-01-2020
30,Mainland China,1/27/20 23:59,6.0,,,27-01-2020
32,Mainland China,1/27/20 23:59,5.0,,,27-01-2020
0,Mainland China,1/26/20 16:00,1058.0,52.0,42.0,26-01-2020
1,Mainland China,1/26/20 16:00,111.0,,2.0,26-01-2020
2,Mainland China,1/26/20 16:00,104.0,,1.0,26-01-2020
3,Mainland China,1/26/20 16:00,83.0,1.0,,26-01-2020
4,Mainland China,1/26/20 16:00,75.0,,,26-01-2020
5,Mainland China,1/26/20 16:00,69.0,,,26-01-2020
6,Mainland China,1/26/20 16:00,68.0,,2.0,26-01-2020
7,Mainland China,1/26/20 16:00,60.0,,,26-01-2020
8,Mainland China,1/26/20 16:00,46.0,,,26-01-2020
9,Mainland China,1/26/20 16:00,44.0,,,26-01-2020
10,Mainland China,1/26/20 16:00,40.0,1.0,1.0,26-01-2020
11,Mainland China,1/26/20 16:00,36.0,,,26-01-2020
12,Mainland China,1/26/20 16:00,36.0,,,26-01-2020
13,Mainland China,1/26/20 16:00,35.0,,,26-01-2020
14,Mainland China,1/26/20 16:00,33.0,,1.0,26-01-2020
15,Mainland China,1/26/20 16:00,22.0,,,26-01-2020
16,Mainland China,1/26/20 16:00,22.0,,,26-01-2020
17,Mainland China,1/26/20 16:00,21.0,,,26-01-2020
18,Mainland China,1/26/20 16:00,16.0,,,26-01-2020
19,Mainland China,1/26/20 16:00,15.0,1.0,,26-01-2020
20,Mainland China,1/26/20 16:00,14.0,,,26-01-2020
21,Mainland China,1/26/20 16:00,13.0,1.0,,26-01-2020
22,Mainland China,1/26/20 16:00,9.0,,,26-01-2020
24,Mainland China,1/26/20 16:00,7.0,,,26-01-2020
25,Mainland China,1/26/20 16:00,7.0,,,26-01-2020
26,Mainland China,1/26/20 16:00,5.0,,,26-01-2020
28,Mainland China,1/26/20 16:00,4.0,,,26-01-2020
29,Mainland China,1/26/20 16:00,4.0,,,26-01-2020
31,Mainland China,1/26/20 16:00,4.0,,,26-01-2020
32,Mainland China,1/26/20 16:00,1.0,,,26-01-2020
0,Mainland China,1/25/20 17:00,761.0,40.0,32.0,25-01-2020
1,Mainland China,1/25/20 17:00,78.0,,2.0,25-01-2020
2,Mainland China,1/25/20 17:00,62.0,,1.0,25-01-2020
3,Mainland China,1/25/20 17:00,57.0,,,25-01-2020
4,Mainland China,1/25/20 17:00,43.0,,,25-01-2020
5,Mainland China,1/25/20 17:00,41.0,,2.0,25-01-2020
6,Mainland China,1/25/20 17:00,39.0,,,25-01-2020
7,Mainland China,1/25/20 17:00,33.0,,1.0,25-01-2020
8,Mainland China,1/25/20 17:00,32.0,,,25-01-2020
9,Mainland China,1/25/20 17:00,28.0,,,25-01-2020
10,Mainland China,1/25/20 17:00,27.0,,,25-01-2020
11,Mainland China,1/25/20 17:00,23.0,,,25-01-2020
12,Mainland China,1/25/20 17:00,19.0,,,25-01-2020
13,Mainland China,1/25/20 17:00,18.0,,,25-01-2020
14,Mainland China,1/25/20 17:00,18.0,,,25-01-2020
15,Mainland China,1/25/20 17:00,18.0,,1.0,25-01-2020
16,Mainland China,1/25/20 17:00,17.0,,,25-01-2020
17,Mainland China,1/25/20 17:00,15.0,,,25-01-2020
18,Mainland China,1/25/20 17:00,11.0,,,25-01-2020
19,Mainland China,1/25/20 17:00,10.0,,,25-01-2020
20,Mainland China,1/25/20 17:00,9.0,1.0,,25-01-2020
21,Mainland China,1/25/20 17:00,8.0,1.0,,25-01-2020
22,Mainland China,1/25/20 17:00,7.0,,,25-01-2020
23,Mainland China,1/25/20 17:00,6.0,,,25-01-2020
25,Mainland China,1/25/20 17:00,4.0,,,25-01-2020
26,Mainland China,1/25/20 17:00,4.0,,,25-01-2020
27,Mainland China,1/25/20 17:00,4.0,,,25-01-2020
28,Mainland China,1/25/20 17:00,3.0,,,25-01-2020
30,Mainland China,1/25/20 17:00,3.0,,,25-01-2020
32,Mainland China,1/25/20 17:00,1.0,,,25-01-2020
0,Mainland China,1/24/20 17:00,549.0,24.0,31.0,24-01-2020
1,Mainland China,1/24/20 17:00,53.0,,2.0,24-01-2020
2,Mainland China,1/24/20 17:00,43.0,,1.0,24-01-2020
3,Mainland China,1/24/20 17:00,36.0,,1.0,24-01-2020
4,Mainland China,1/24/20 17:00,27.0,,,24-01-2020
5,Mainland China,1/24/20 17:00,24.0,,,24-01-2020
6,Mainland China,1/24/20 17:00,23.0,,,24-01-2020
7,Mainland China,1/24/20 17:00,20.0,,1.0,24-01-2020
8,Mainland China,1/24/20 17:00,18.0,,,24-01-2020
9,Mainland China,1/24/20 17:00,15.0,,,24-01-2020
10,Mainland China,1/24/20 17:00,15.0,,,24-01-2020
11,Mainland China,1/24/20 17:00,15.0,,,24-01-2020
12,Mainland China,1/24/20 17:00,10.0,,,24-01-2020
13,Mainland China,1/24/20 17:00,9.0,,,24-01-2020
14,Mainland China,1/24/20 17:00,9.0,,,24-01-2020
15,Mainland China,1/24/20 17:00,8.0,,,24-01-2020
16,Mainland China,1/24/20 17:00,8.0,,,24-01-2020
17,Mainland China,1/24/20 17:00,5.0,,,24-01-2020
18,Mainland China,1/24/20 17:00,5.0,,,24-01-2020
19,Mainland China,1/24/20 17:00,4.0,1.0,,24-01-2020
20,Mainland China,1/24/20 17:00,4.0,,,24-01-2020
21,Mainland China,1/24/20 17:00,3.0,,,24-01-2020
22,Mainland China,1/24/20 17:00,3.0,,,24-01-2020
24,Mainland China,1/24/20 17:00,2.0,,,24-01-2020
27,Mainland China,1/24/20 17:00,2.0,1.0,,24-01-2020
28,Mainland China,1/24/20 17:00,2.0,,,24-01-2020
29,Mainland China,1/24/20 17:00,2.0,,,24-01-2020
30,Mainland China,1/24/20 17:00,1.0,,,24-01-2020
31,Mainland China,1/24/20 17:00,1.0,,,24-01-2020
32,Mainland China,1/24/20 17:00,,,,24-01-2020
0,Mainland China,1/23/20 17:00,9.0,,,23-01-2020
1,Mainland China,1/23/20 17:00,22.0,,,23-01-2020
2,Mainland China,1/23/20 17:00,9.0,,,23-01-2020
3,Mainland China,1/23/20 17:00,5.0,,,23-01-2020
4,Mainland China,1/23/20 17:00,2.0,,,23-01-2020
5,Mainland China,1/23/20 17:00,32.0,,2.0,23-01-2020
6,Mainland China,1/23/20 17:00,5.0,,,23-01-2020
7,Mainland China,1/23/20 17:00,3.0,,,23-01-2020
8,Mainland China,1/23/20 17:00,5.0,,,23-01-2020
9,Mainland China,1/23/20 17:00,444.0,17.0,28.0,23-01-2020
10,Mainland China,1/23/20 17:00,2.0,,,23-01-2020
11,Mainland China,1/23/20 17:00,5.0,,,23-01-2020
13,Mainland China,1/23/20 17:00,444.0,17.0,28.0,23-01-2020
14,Mainland China,1/23/20 17:00,9.0,,,23-01-2020
15,Mainland China,1/23/20 17:00,,,,23-01-2020
16,Mainland China,1/23/20 17:00,5.0,,,23-01-2020
17,Mainland China,1/23/20 17:00,7.0,,,23-01-2020
18,Mainland China,1/23/20 17:00,1.0,,,23-01-2020
19,Mainland China,1/23/20 17:00,3.0,,,23-01-2020
21,Mainland China,1/23/20 17:00,1.0,,,23-01-2020
22,Mainland China,1/23/20 17:00,,,,23-01-2020
23,Mainland China,1/23/20 17:00,3.0,,,23-01-2020
24,Mainland China,1/23/20 17:00,6.0,,,23-01-2020
25,Mainland China,1/23/20 17:00,16.0,,,23-01-2020
26,Mainland China,1/23/20 17:00,1.0,,,23-01-2020
27,Mainland China,1/23/20 17:00,8.0,,,23-01-2020
29,Mainland China,1/23/20 17:00,4.0,,,23-01-2020
30,Mainland China,1/23/20 17:00,,,,23-01-2020
32,Mainland China,1/23/20 17:00,2.0,,,23-01-2020
33,Mainland China,1/23/20 17:00,2.0,,,23-01-2020
34,Mainland China,1/23/20 17:00,27.0,,,23-01-2020
