,Country_Region,Confirmed,Deaths,Recovered,Date
3987,United Kingdom,3904,12,,31/01/2023
3988,United Kingdom,18766,157,,31/01/2023
3989,United Kingdom,7305,64,,31/01/2023
3990,United Kingdom,31472,37,,31/01/2023
3991,United Kingdom,0,0,,31/01/2023
3992,United Kingdom,20517193,185587,,31/01/2023
3993,United Kingdom,1930,0,,31/01/2023
3994,United Kingdom,20399,111,,31/01/2023
3995,United Kingdom,34715,66,,31/01/2023
3996,United Kingdom,38008,116,,31/01/2023
3997,United Kingdom,66347,157,,31/01/2023
3998,United Kingdom,1403,8,,31/01/2023
3999,United Kingdom,713294,5144,,31/01/2023
4000,United Kingdom,4,0,,31/01/2023
4001,United Kingdom,2166,0,,31/01/2023
4002,United Kingdom,2148273,16751,,31/01/2023
4003,United Kingdom,6522,38,,31/01/2023
4004,United Kingdom,0,336,,31/01/2023
4005,United Kingdom,895597,11480,,31/01/2023
3981,United Kingdom,2324,8,,31/01/2022
3982,United Kingdom,10793,117,,31/01/2022
3983,United Kingdom,5875,49,,31/01/2022
3984,United Kingdom,13788,15,,31/01/2022
3985,United Kingdom,0,0,,31/01/2022
3986,United Kingdom,14845382,156885,,31/01/2022
3987,United Kingdom,89,0,,31/01/2022
3988,United Kingdom,12950,101,,31/01/2022
3989,United Kingdom,21567,71,,31/01/2022
3990,United Kingdom,163,1,,31/01/2022
3991,United Kingdom,542855,4214,,31/01/2022
3992,United Kingdom,4,0,,31/01/2022
3993,United Kingdom,1148772,13103,,31/01/2022
3994,United Kingdom,5727,34,,31/01/2022
3995,United Kingdom,0,269,,31/01/2022
3996,United Kingdom,778884,9637,,31/01/2022
4008,United Kingdom,30490,100,0,31/01/2022
4009,United Kingdom,11193,30,0,31/01/2022
4015,United Kingdom,0,0,0,31/01/2022
3954,United Kingdom,16,0,15,31/01/2021
3955,United Kingdom,691,12,653,31/01/2021
3956,United Kingdom,114,1,95,31/01/2021
3957,United Kingdom,390,2,357,31/01/2021
3958,United Kingdom,0,0,3271,31/01/2021
3959,United Kingdom,3341249,113265,0,31/01/2021
3960,United Kingdom,41,0,34,31/01/2021
3961,United Kingdom,4114,77,3705,31/01/2021
3962,United Kingdom,434,25,383,31/01/2021
3963,United Kingdom,13,1,12,31/01/2021
3964,United Kingdom,103960,2558,0,31/01/2021
3965,United Kingdom,4,0,4,31/01/2021
3966,United Kingdom,179685,8627,0,31/01/2021
3967,United Kingdom,1503,9,1127,31/01/2021
3968,United Kingdom,0,143,0,31/01/2021
3969,United Kingdom,192282,6989,0,31/01/2021
4006,United Kingdom,3142,66,0,31/01/2021
4007,United Kingdom,493,16,0,31/01/2021
4013,United Kingdom,0,0,0,31/01/2021
3987,United Kingdom,3904,12,,30/01/2023
3988,United Kingdom,18766,157,,30/01/2023
3989,United Kingdom,7305,64,,30/01/2023
3990,United Kingdom,31472,37,,30/01/2023
3991,United Kingdom,0,0,,30/01/2023
3992,United Kingdom,20517193,185535,,30/01/2023
3993,United Kingdom,1930,0,,30/01/2023
3994,United Kingdom,20399,111,,30/01/2023
3995,United Kingdom,34715,66,,30/01/2023
3996,United Kingdom,38008,116,,30/01/2023
3997,United Kingdom,66347,157,,30/01/2023
3998,United Kingdom,1403,8,,30/01/2023
3999,United Kingdom,713294,5143,,30/01/2023
4000,United Kingdom,4,0,,30/01/2023
4001,United Kingdom,2166,0,,30/01/2023
4002,United Kingdom,2148273,16747,,30/01/2023
4003,United Kingdom,6522,38,,30/01/2023
4004,United Kingdom,0,336,,30/01/2023
4005,United Kingdom,895597,11479,,30/01/2023
3981,United Kingdom,2324,8,,30/01/2022
3982,United Kingdom,10552,116,,30/01/2022
3983,United Kingdom,5839,49,,30/01/2022
3984,United Kingdom,13788,15,,30/01/2022
3985,United Kingdom,0,0,,30/01/2022
3986,United Kingdom,14023177,156708,,30/01/2022
3987,United Kingdom,89,0,,30/01/2022
3988,United Kingdom,12848,100,,30/01/2022
3989,United Kingdom,21460,71,,30/01/2022
3990,United Kingdom,163,1,,30/01/2022
3991,United Kingdom,531050,4212,,30/01/2022
3992,United Kingdom,4,0,,30/01/2022
3993,United Kingdom,1139939,13089,,30/01/2022
3994,United Kingdom,5727,34,,30/01/2022
3995,United Kingdom,0,268,,30/01/2022
3996,United Kingdom,774356,9624,,30/01/2022
4008,United Kingdom,30235,100,0,30/01/2022
4009,United Kingdom,11136,30,0,30/01/2022
4015,United Kingdom,0,0,0,30/01/2022
3954,United Kingdom,16,0,15,30/01/2021
3955,United Kingdom,691,12,653,30/01/2021
3956,United Kingdom,114,1,95,30/01/2021
3957,United Kingdom,390,2,357,30/01/2021
3958,United Kingdom,0,0,3271,30/01/2021
3959,United Kingdom,3322195,112366,0,30/01/2021
3960,United Kingdom,41,0,34,30/01/2021
3961,United Kingdom,4108,75,3666,30/01/2021
3962,United Kingdom,434,25,383,30/01/2021
3963,United Kingdom,13,1,12,30/01/2021
3964,United Kingdom,103534,2541,0,30/01/2021
3965,United Kingdom,4,0,4,30/01/2021
3966,United Kingdom,178682,8576,0,30/01/2021
3967,United Kingdom,1459,8,1094,30/01/2021
3968,United Kingdom,0,142,0,30/01/2021
3969,United Kingdom,191677,6962,0,30/01/2021
4006,United Kingdom,3140,65,0,30/01/2021
4007,United Kingdom,449,16,0,30/01/2021
4013,United Kingdom,0,0,0,30/01/2021
3987,United Kingdom,3904,12,,29/01/2023
3988,United Kingdom,18766,157,,29/01/2023
3989,United Kingdom,7305,64,,29/01/2023
3990,United Kingdom,31472,37,,29/01/2023
3991,United Kingdom,0,0,,29/01/2023
3992,United Kingdom,20517193,185482,,29/01/2023
3993,United Kingdom,1930,0,,29/01/2023
3994,United Kingdom,20399,111,,29/01/2023
3995,United Kingdom,34715,66,,29/01/2023
3996,United Kingdom,38008,116,,29/01/2023
3997,United Kingdom,66347,157,,29/01/2023
3998,United Kingdom,1403,8,,29/01/2023
3999,United Kingdom,713294,5143,,29/01/2023
4000,United Kingdom,4,0,,29/01/2023
4001,United Kingdom,2166,0,,29/01/2023
4002,United Kingdom,2148273,16744,,29/01/2023
4003,United Kingdom,6522,38,,29/01/2023
4004,United Kingdom,0,336,,29/01/2023
4005,United Kingdom,895597,11477,,29/01/2023
3981,United Kingdom,2324,8,,29/01/2022
3982,United Kingdom,10552,116,,29/01/2022
3983,United Kingdom,5839,49,,29/01/2022
3984,United Kingdom,13788,15,,29/01/2022
3985,United Kingdom,0,0,,29/01/2022
3986,United Kingdom,13963618,156539,,29/01/2022
3987,United Kingdom,89,0,,29/01/2022
3988,United Kingdom,12752,100,,29/01/2022
3989,United Kingdom,21460,71,,29/01/2022
3990,United Kingdom,163,1,,29/01/2022
3991,United Kingdom,531050,4210,,29/01/2022
3992,United Kingdom,4,0,,29/01/2022
3993,United Kingdom,1139939,13076,,29/01/2022
3994,United Kingdom,5727,34,,29/01/2022
3995,United Kingdom,0,267,,29/01/2022
3996,United Kingdom,771516,9618,,29/01/2022
4008,United Kingdom,29887,99,0,29/01/2022
4009,United Kingdom,11063,30,0,29/01/2022
4015,United Kingdom,0,0,0,29/01/2022
3954,United Kingdom,16,0,15,29/01/2021
3955,United Kingdom,690,12,650,29/01/2021
3956,United Kingdom,114,1,95,29/01/2021
3957,United Kingdom,387,2,357,29/01/2021
3958,United Kingdom,0,0,3227,29/01/2021
3959,United Kingdom,3301106,111442,0,29/01/2021
3960,United Kingdom,41,0,34,29/01/2021
3961,United Kingdom,4096,73,3583,29/01/2021
3962,United Kingdom,434,25,380,29/01/2021
3963,United Kingdom,13,1,12,29/01/2021
3964,United Kingdom,103079,2528,0,29/01/2021
3965,United Kingdom,4,0,4,29/01/2021
3966,United Kingdom,177688,8526,0,29/01/2021
3967,United Kingdom,1435,8,1051,29/01/2021
3968,United Kingdom,0,141,0,29/01/2021
3969,United Kingdom,190940,6924,0,29/01/2021
4006,United Kingdom,3135,64,0,29/01/2021
4007,United Kingdom,414,16,0,29/01/2021
4013,United Kingdom,0,0,0,29/01/2021
3987,United Kingdom,3904,12,,28/01/2023
3988,United Kingdom,18766,157,,28/01/2023
3989,United Kingdom,7305,64,,28/01/2023
3990,United Kingdom,31472,37,,28/01/2023
3991,United Kingdom,0,0,,28/01/2023
3992,United Kingdom,20517193,185420,,28/01/2023
3993,United Kingdom,1930,0,,28/01/2023
3994,United Kingdom,20399,111,,28/01/2023
3995,United Kingdom,34715,66,,28/01/2023
3996,United Kingdom,38008,116,,28/01/2023
3997,United Kingdom,66347,157,,28/01/2023
3998,United Kingdom,1403,8,,28/01/2023
3999,United Kingdom,713294,5141,,28/01/2023
4000,United Kingdom,4,0,,28/01/2023
4001,United Kingdom,2166,0,,28/01/2023
4002,United Kingdom,2148273,16739,,28/01/2023
4003,United Kingdom,6522,38,,28/01/2023
4004,United Kingdom,0,336,,28/01/2023
4005,United Kingdom,895597,11471,,28/01/2023
3981,United Kingdom,2324,8,,28/01/2022
3982,United Kingdom,10552,116,,28/01/2022
3983,United Kingdom,5839,49,,28/01/2022
3984,United Kingdom,13788,15,,28/01/2022
3985,United Kingdom,0,0,,28/01/2022
3986,United Kingdom,13895065,156379,,28/01/2022
3987,United Kingdom,89,0,,28/01/2022
3988,United Kingdom,12610,100,,28/01/2022
3989,United Kingdom,21376,71,,28/01/2022
3990,United Kingdom,162,1,,28/01/2022
3991,United Kingdom,527460,4205,,28/01/2022
3992,United Kingdom,4,0,,28/01/2022
3993,United Kingdom,1139939,13063,,28/01/2022
3994,United Kingdom,5692,34,,28/01/2022
3995,United Kingdom,0,267,,28/01/2022
3996,United Kingdom,771516,9615,,28/01/2022
4008,United Kingdom,29542,99,0,28/01/2022
4009,United Kingdom,10994,30,0,28/01/2022
4015,United Kingdom,0,0,0,28/01/2022
3954,United Kingdom,16,0,15,28/01/2021
3955,United Kingdom,690,12,650,28/01/2021
3956,United Kingdom,114,1,95,28/01/2021
3957,United Kingdom,385,2,356,28/01/2021
3958,United Kingdom,0,0,3227,28/01/2021
3959,United Kingdom,3274397,110434,0,28/01/2021
3960,United Kingdom,41,0,34,28/01/2021
3961,United Kingdom,4082,70,3530,28/01/2021
3962,United Kingdom,432,25,379,28/01/2021
3963,United Kingdom,13,1,12,28/01/2021
3964,United Kingdom,102410,2504,0,28/01/2021
3965,United Kingdom,4,0,4,28/01/2021
3966,United Kingdom,176533,8464,0,28/01/2021
3967,United Kingdom,1387,8,1051,28/01/2021
3968,United Kingdom,0,137,0,28/01/2021
3969,United Kingdom,190394,6862,0,28/01/2021
4006,United Kingdom,3130,63,0,28/01/2021
4007,United Kingdom,391,16,0,28/01/2021
4013,United Kingdom,0,0,0,28/01/2021
3987,United Kingdom,3904,12,,27/01/2023
3988,United Kingdom,18766,157,,27/01/2023
3989,United Kingdom,7305,64,,27/01/2023
3990,United Kingdom,31472,37,,27/01/2023
3991,United Kingdom,0,0,,27/01/2023
3992,United Kingdom,20517193,185359,,27/01/2023
3993,United Kingdom,1930,0,,27/01/2023
3994,United Kingdom,20399,111,,27/01/2023
3995,United Kingdom,34715,66,,27/01/2023
3996,United Kingdom,38008,116,,27/01/2023
3997,United Kingdom,66259,155,,27/01/2023
3998,United Kingdom,1403,8,,27/01/2023
3999,United Kingdom,713294,5139,,27/01/2023
4000,United Kingdom,4,0,,27/01/2023
4001,United Kingdom,2166,0,,27/01/2023
4002,United Kingdom,2148273,16736,,27/01/2023
4003,United Kingdom,6522,38,,27/01/2023
4004,United Kingdom,0,336,,27/01/2023
4005,United Kingdom,895597,11465,,27/01/2023
3981,United Kingdom,2270,7,,27/01/2022
3982,United Kingdom,10552,116,,27/01/2022
3983,United Kingdom,5809,49,,27/01/2022
3984,United Kingdom,13734,15,,27/01/2022
3985,United Kingdom,0,0,,27/01/2022
3986,United Kingdom,13817017,156216,,27/01/2022
3987,United Kingdom,89,0,,27/01/2022
3988,United Kingdom,12441,100,,27/01/2022
3989,United Kingdom,21292,70,,27/01/2022
3990,United Kingdom,161,1,,27/01/2022
3991,United Kingdom,523722,4201,,27/01/2022
3992,United Kingdom,4,0,,27/01/2022
3993,United Kingdom,1135991,13042,,27/01/2022
3994,United Kingdom,5678,34,,27/01/2022
3995,United Kingdom,0,267,,27/01/2022
3996,United Kingdom,768744,9601,,27/01/2022
4008,United Kingdom,29187,99,0,27/01/2022
4009,United Kingdom,10921,30,0,27/01/2022
4015,United Kingdom,0,0,0,27/01/2022
3954,United Kingdom,16,0,15,27/01/2021
3955,United Kingdom,689,12,648,27/01/2021
3956,United Kingdom,114,1,95,27/01/2021
3957,United Kingdom,384,2,356,27/01/2021
3958,United Kingdom,0,0,3227,27/01/2021
3959,United Kingdom,3248215,109324,0,27/01/2021
3960,United Kingdom,41,0,34,27/01/2021
3961,United Kingdom,4057,70,3462,27/01/2021
3962,United Kingdom,432,25,377,27/01/2021
3963,United Kingdom,13,1,12,27/01/2021
3964,United Kingdom,101818,2485,0,27/01/2021
3965,United Kingdom,4,0,4,27/01/2021
3966,United Kingdom,175332,8413,0,27/01/2021
3967,United Kingdom,1312,8,1020,27/01/2021
3968,United Kingdom,0,137,0,27/01/2021
3969,United Kingdom,189689,6818,0,27/01/2021
4006,United Kingdom,3125,63,0,27/01/2021
4007,United Kingdom,369,16,0,27/01/2021
4013,United Kingdom,0,0,0,27/01/2021
3987,United Kingdom,3904,12,,26/01/2023
3988,United Kingdom,18766,157,,26/01/2023
3989,United Kingdom,7305,64,,26/01/2023
3990,United Kingdom,31472,37,,26/01/2023
3991,United Kingdom,0,0,,26/01/2023
3992,United Kingdom,20517193,185295,,26/01/2023
3993,United Kingdom,1930,0,,26/01/2023
3994,United Kingdom,20392,111,,26/01/2023
3995,United Kingdom,34715,66,,26/01/2023
3996,United Kingdom,38008,116,,26/01/2023
3997,United Kingdom,66259,155,,26/01/2023
3998,United Kingdom,1403,8,,26/01/2023
3999,United Kingdom,713294,5136,,26/01/2023
4000,United Kingdom,4,0,,26/01/2023
4001,United Kingdom,2166,0,,26/01/2023
4002,United Kingdom,2148273,16732,,26/01/2023
4003,United Kingdom,6522,38,,26/01/2023
4004,United Kingdom,0,336,,26/01/2023
4005,United Kingdom,895597,11462,,26/01/2023
3981,United Kingdom,2270,7,,26/01/2022
3982,United Kingdom,10262,114,,26/01/2022
3983,United Kingdom,5809,49,,26/01/2022
3984,United Kingdom,13734,15,,26/01/2022
3985,United Kingdom,0,0,,26/01/2022
3986,United Kingdom,13732435,156037,,26/01/2022
3987,United Kingdom,86,0,,26/01/2022
3988,United Kingdom,12277,100,,26/01/2022
3989,United Kingdom,21200,70,,26/01/2022
3990,United Kingdom,161,1,,26/01/2022
3991,United Kingdom,519479,4190,,26/01/2022
3992,United Kingdom,4,0,,26/01/2022
3993,United Kingdom,1131668,13023,,26/01/2022
3994,United Kingdom,5659,34,,26/01/2022
3995,United Kingdom,0,267,,26/01/2022
3996,United Kingdom,765737,9591,,26/01/2022
4008,United Kingdom,28796,96,0,26/01/2022
4009,United Kingdom,10848,30,0,26/01/2022
4015,United Kingdom,0,0,0,26/01/2022
3954,United Kingdom,16,0,15,26/01/2021
3955,United Kingdom,688,12,646,26/01/2021
3956,United Kingdom,114,1,95,26/01/2021
3957,United Kingdom,383,2,346,26/01/2021
3958,United Kingdom,0,0,3227,26/01/2021
3959,United Kingdom,3225301,108216,0,26/01/2021
3960,United Kingdom,41,0,34,26/01/2021
3961,United Kingdom,4024,69,3401,26/01/2021
3962,United Kingdom,432,25,364,26/01/2021
3963,United Kingdom,13,1,12,26/01/2021
3964,United Kingdom,101291,2462,0,26/01/2021
3965,United Kingdom,4,0,4,26/01/2021
3966,United Kingdom,174002,8349,0,26/01/2021
3967,United Kingdom,1312,8,1020,26/01/2021
3968,United Kingdom,0,137,0,26/01/2021
3969,United Kingdom,189152,6781,0,26/01/2021
4006,United Kingdom,3122,63,0,26/01/2021
4007,United Kingdom,359,16,0,26/01/2021
4013,United Kingdom,0,0,0,26/01/2021
3987,United Kingdom,3904,12,,25/01/2023
3988,United Kingdom,18766,157,,25/01/2023
3989,United Kingdom,7305,64,,25/01/2023
3990,United Kingdom,31472,37,,25/01/2023
3991,United Kingdom,0,0,,25/01/2023
3992,United Kingdom,20503511,185234,,25/01/2023
3993,United Kingdom,1930,0,,25/01/2023
3994,United Kingdom,20392,111,,25/01/2023
3995,United Kingdom,34715,66,,25/01/2023
3996,United Kingdom,38008,116,,25/01/2023
3997,United Kingdom,66259,155,,25/01/2023
3998,United Kingdom,1403,8,,25/01/2023
3999,United Kingdom,713294,5132,,25/01/2023
4000,United Kingdom,4,0,,25/01/2023
4001,United Kingdom,2166,0,,25/01/2023
4002,United Kingdom,2147103,16728,,25/01/2023
4003,United Kingdom,6522,38,,25/01/2023
4004,United Kingdom,0,336,,25/01/2023
4005,United Kingdom,895328,11461,,25/01/2023
3981,United Kingdom,2270,7,,25/01/2022
3982,United Kingdom,10262,114,,25/01/2022
3983,United Kingdom,5809,49,,25/01/2022
3984,United Kingdom,13734,15,,25/01/2022
3985,United Kingdom,0,0,,25/01/2022
3986,United Kingdom,13642522,155862,,25/01/2022
3987,United Kingdom,86,0,,25/01/2022
3988,United Kingdom,12103,100,,25/01/2022
3989,United Kingdom,21112,70,,25/01/2022
3990,United Kingdom,161,1,,25/01/2022
3991,United Kingdom,515096,4189,,25/01/2022
3992,United Kingdom,4,0,,25/01/2022
3993,United Kingdom,1127067,13011,,25/01/2022
3994,United Kingdom,5570,34,,25/01/2022
3995,United Kingdom,0,267,,25/01/2022
3996,United Kingdom,763031,9583,,25/01/2022
4008,United Kingdom,28396,96,0,25/01/2022
4009,United Kingdom,10757,30,0,25/01/2022
4015,United Kingdom,0,0,0,25/01/2022
3954,United Kingdom,15,0,15,25/01/2021
3955,United Kingdom,686,12,640,25/01/2021
3956,United Kingdom,114,1,95,25/01/2021
3957,United Kingdom,383,2,346,25/01/2021
3958,United Kingdom,0,0,3186,25/01/2021
3959,United Kingdom,3207381,107170,0,25/01/2021
3960,United Kingdom,35,0,29,25/01/2021
3961,United Kingdom,3992,65,3349,25/01/2021
3962,United Kingdom,432,25,364,25/01/2021
3963,United Kingdom,13,1,12,25/01/2021
3964,United Kingdom,100741,2446,0,25/01/2021
3965,United Kingdom,4,0,4,25/01/2021
3966,United Kingdom,172953,8295,0,25/01/2021
3967,United Kingdom,1287,7,1000,25/01/2021
3968,United Kingdom,0,136,0,25/01/2021
3969,United Kingdom,188583,6725,0,25/01/2021
4006,United Kingdom,3116,63,0,25/01/2021
4007,United Kingdom,321,16,0,25/01/2021
4013,United Kingdom,0,0,0,25/01/2021
3987,United Kingdom,3904,12,,24/01/2023
3988,United Kingdom,18751,157,,24/01/2023
3989,United Kingdom,7305,64,,24/01/2023
3990,United Kingdom,31472,37,,24/01/2023
3991,United Kingdom,0,0,,24/01/2023
3992,United Kingdom,20503511,185181,,24/01/2023
3993,United Kingdom,1930,0,,24/01/2023
3994,United Kingdom,20392,111,,24/01/2023
3995,United Kingdom,34672,66,,24/01/2023
3996,United Kingdom,38008,116,,24/01/2023
3997,United Kingdom,66259,155,,24/01/2023
3998,United Kingdom,1403,8,,24/01/2023
3999,United Kingdom,713294,5129,,24/01/2023
4000,United Kingdom,4,0,,24/01/2023
4001,United Kingdom,2166,0,,24/01/2023
4002,United Kingdom,2147103,16721,,24/01/2023
4003,United Kingdom,6522,38,,24/01/2023
4004,United Kingdom,0,336,,24/01/2023
4005,United Kingdom,895328,11458,,24/01/2023
3981,United Kingdom,2187,7,,24/01/2022
3982,United Kingdom,10262,114,,24/01/2022
3983,United Kingdom,5649,47,,24/01/2022
3984,United Kingdom,13734,15,,24/01/2022
3985,United Kingdom,0,0,,24/01/2022
3986,United Kingdom,13558510,155706,,24/01/2022
3987,United Kingdom,86,0,,24/01/2022
3988,United Kingdom,11937,100,,24/01/2022
3989,United Kingdom,20586,70,,24/01/2022
3990,United Kingdom,158,1,,24/01/2022
3991,United Kingdom,510073,4183,,24/01/2022
3992,United Kingdom,4,0,,24/01/2022
3993,United Kingdom,1124048,12992,,24/01/2022
3994,United Kingdom,5570,34,,24/01/2022
3995,United Kingdom,0,266,,24/01/2022
3996,United Kingdom,761054,9571,,24/01/2022
4008,United Kingdom,28109,96,0,24/01/2022
4009,United Kingdom,10718,30,0,24/01/2022
4015,United Kingdom,0,0,0,24/01/2022
3954,United Kingdom,15,0,15,24/01/2021
3955,United Kingdom,686,12,625,24/01/2021
3956,United Kingdom,114,1,95,24/01/2021
3957,United Kingdom,383,2,346,24/01/2021
3958,United Kingdom,0,0,3186,24/01/2021
3959,United Kingdom,3187232,106020,0,24/01/2021
3960,United Kingdom,35,0,29,24/01/2021
3961,United Kingdom,3966,63,3276,24/01/2021
3962,United Kingdom,432,25,364,24/01/2021
3963,United Kingdom,13,1,12,24/01/2021
3964,United Kingdom,100319,2427,0,24/01/2021
3965,United Kingdom,4,0,4,24/01/2021
3966,United Kingdom,172201,8239,0,24/01/2021
3967,United Kingdom,1287,7,998,24/01/2021
3968,United Kingdom,0,135,0,24/01/2021
3969,United Kingdom,187711,6688,0,24/01/2021
4006,United Kingdom,3113,63,0,24/01/2021
4007,United Kingdom,314,16,0,24/01/2021
4013,United Kingdom,0,0,0,24/01/2021
3987,United Kingdom,3904,12,,23/01/2023
3988,United Kingdom,18751,157,,23/01/2023
3989,United Kingdom,7305,64,,23/01/2023
3990,United Kingdom,31472,37,,23/01/2023
3991,United Kingdom,0,0,,23/01/2023
3992,United Kingdom,20503511,185112,,23/01/2023
3993,United Kingdom,1930,0,,23/01/2023
3994,United Kingdom,20392,111,,23/01/2023
3995,United Kingdom,34672,66,,23/01/2023
3996,United Kingdom,38008,116,,23/01/2023
3997,United Kingdom,66259,155,,23/01/2023
3998,United Kingdom,1403,8,,23/01/2023
3999,United Kingdom,713294,5126,,23/01/2023
4000,United Kingdom,4,0,,23/01/2023
4001,United Kingdom,2166,0,,23/01/2023
4002,United Kingdom,2147103,16716,,23/01/2023
4003,United Kingdom,6522,38,,23/01/2023
4004,United Kingdom,0,336,,23/01/2023
4005,United Kingdom,895328,11455,,23/01/2023
3981,United Kingdom,2187,7,,23/01/2022
3982,United Kingdom,9766,112,,23/01/2022
3983,United Kingdom,5602,47,,23/01/2022
3984,United Kingdom,13734,15,,23/01/2022
3985,United Kingdom,0,0,,23/01/2022
3986,United Kingdom,13482354,155504,,23/01/2022
3987,United Kingdom,86,0,,23/01/2022
3988,United Kingdom,11835,100,,23/01/2022
3989,United Kingdom,20425,70,,23/01/2022
3990,United Kingdom,155,1,,23/01/2022
3991,United Kingdom,506141,4178,,23/01/2022
3992,United Kingdom,4,0,,23/01/2022
3993,United Kingdom,1114066,12978,,23/01/2022
3994,United Kingdom,5524,34,,23/01/2022
3995,United Kingdom,0,266,,23/01/2022
3996,United Kingdom,756727,9565,,23/01/2022
4008,United Kingdom,27899,96,0,23/01/2022
4009,United Kingdom,10689,30,0,23/01/2022
4015,United Kingdom,0,0,0,23/01/2022
3954,United Kingdom,15,0,15,23/01/2021
3955,United Kingdom,686,12,625,23/01/2021
3956,United Kingdom,114,1,95,23/01/2021
3957,United Kingdom,383,2,346,23/01/2021
3958,United Kingdom,0,0,3186,23/01/2021
3959,United Kingdom,3159652,104934,0,23/01/2021
3960,United Kingdom,35,0,29,23/01/2021
3961,United Kingdom,3935,62,3194,23/01/2021
3962,United Kingdom,432,25,364,23/01/2021
3963,United Kingdom,13,1,12,23/01/2021
3964,United Kingdom,99886,2410,0,23/01/2021
3965,United Kingdom,4,0,4,23/01/2021
3966,United Kingdom,171006,8165,0,23/01/2021
3967,United Kingdom,1244,7,960,23/01/2021
3968,United Kingdom,0,135,0,23/01/2021
3969,United Kingdom,186915,6626,0,23/01/2021
4006,United Kingdom,3096,62,0,23/01/2021
4007,United Kingdom,310,16,0,23/01/2021
4013,United Kingdom,0,0,0,23/01/2021
3987,United Kingdom,3904,12,,22/01/2023
3988,United Kingdom,18751,157,,22/01/2023
3989,United Kingdom,7305,64,,22/01/2023
3990,United Kingdom,31472,37,,22/01/2023
3991,United Kingdom,0,0,,22/01/2023
3992,United Kingdom,20503511,185053,,22/01/2023
3993,United Kingdom,1930,0,,22/01/2023
3994,United Kingdom,20392,111,,22/01/2023
3995,United Kingdom,34672,66,,22/01/2023
3996,United Kingdom,38008,116,,22/01/2023
3997,United Kingdom,66259,155,,22/01/2023
3998,United Kingdom,1403,8,,22/01/2023
3999,United Kingdom,713294,5121,,22/01/2023
4000,United Kingdom,4,0,,22/01/2023
4001,United Kingdom,2166,0,,22/01/2023
4002,United Kingdom,2147103,16709,,22/01/2023
4003,United Kingdom,6522,38,,22/01/2023
4004,United Kingdom,0,335,,22/01/2023
4005,United Kingdom,895328,11450,,22/01/2023
3981,United Kingdom,2187,7,,22/01/2022
3982,United Kingdom,9766,112,,22/01/2022
3983,United Kingdom,5602,47,,22/01/2022
3984,United Kingdom,13734,15,,22/01/2022
3985,United Kingdom,0,0,,22/01/2022
3986,United Kingdom,13413441,155323,,22/01/2022
3987,United Kingdom,86,0,,22/01/2022
3988,United Kingdom,11702,100,,22/01/2022
3989,United Kingdom,20425,70,,22/01/2022
3990,United Kingdom,155,1,,22/01/2022
3991,United Kingdom,503082,4171,,22/01/2022
3992,United Kingdom,4,0,,22/01/2022
3993,United Kingdom,1114066,12956,,22/01/2022
3994,United Kingdom,5524,33,,22/01/2022
3995,United Kingdom,0,266,,22/01/2022
3996,United Kingdom,753899,9557,,22/01/2022
4008,United Kingdom,27622,94,0,22/01/2022
4009,United Kingdom,10638,30,0,22/01/2022
4015,United Kingdom,0,0,0,22/01/2022
3954,United Kingdom,15,0,15,22/01/2021
3955,United Kingdom,684,12,625,22/01/2021
3956,United Kingdom,114,1,95,22/01/2021
3957,United Kingdom,382,2,346,22/01/2021
3958,United Kingdom,0,0,3148,22/01/2021
3959,United Kingdom,3129156,103786,0,22/01/2021
3960,United Kingdom,35,0,29,22/01/2021
3961,United Kingdom,3905,59,3097,22/01/2021
3962,United Kingdom,432,25,357,22/01/2021
3963,United Kingdom,13,1,12,22/01/2021
3964,United Kingdom,99216,2385,0,22/01/2021
3965,United Kingdom,4,0,4,22/01/2021
3966,United Kingdom,169699,8108,0,22/01/2021
3967,United Kingdom,1193,7,954,22/01/2021
3968,United Kingdom,0,134,0,22/01/2021
3969,United Kingdom,185836,6569,0,22/01/2021
4006,United Kingdom,3090,62,0,22/01/2021
4007,United Kingdom,310,16,0,22/01/2021
4013,United Kingdom,0,0,0,22/01/2021
3987,United Kingdom,3904,12,,21/01/2023
3988,United Kingdom,18751,157,,21/01/2023
3989,United Kingdom,7305,64,,21/01/2023
3990,United Kingdom,31472,37,,21/01/2023
3991,United Kingdom,0,0,,21/01/2023
3992,United Kingdom,20503511,184990,,21/01/2023
3993,United Kingdom,1930,0,,21/01/2023
3994,United Kingdom,20392,111,,21/01/2023
3995,United Kingdom,34672,66,,21/01/2023
3996,United Kingdom,38008,116,,21/01/2023
3997,United Kingdom,66259,155,,21/01/2023
3998,United Kingdom,1403,8,,21/01/2023
3999,United Kingdom,713294,5121,,21/01/2023
4000,United Kingdom,4,0,,21/01/2023
4001,United Kingdom,2166,0,,21/01/2023
4002,United Kingdom,2147103,16703,,21/01/2023
4003,United Kingdom,6522,38,,21/01/2023
4004,United Kingdom,0,335,,21/01/2023
4005,United Kingdom,895328,11448,,21/01/2023
3981,United Kingdom,2187,7,,21/01/2022
3982,United Kingdom,9766,112,,21/01/2022
3983,United Kingdom,5602,47,,21/01/2022
3984,United Kingdom,12023,15,,21/01/2022
3985,United Kingdom,0,0,,21/01/2022
3986,United Kingdom,13341488,155129,,21/01/2022
3987,United Kingdom,86,0,,21/01/2022
3988,United Kingdom,11557,100,,21/01/2022
3989,United Kingdom,20425,70,,21/01/2022
3990,United Kingdom,152,1,,21/01/2022
3991,United Kingdom,499606,4165,,21/01/2022
3992,United Kingdom,4,0,,21/01/2022
3993,United Kingdom,1114066,12939,,21/01/2022
3994,United Kingdom,5524,33,,21/01/2022
3995,United Kingdom,0,266,,21/01/2022
3996,United Kingdom,753899,9551,,21/01/2022
4008,United Kingdom,27344,94,0,21/01/2022
4009,United Kingdom,10610,30,0,21/01/2022
4015,United Kingdom,0,0,0,21/01/2022
3954,United Kingdom,15,0,15,21/01/2021
3955,United Kingdom,684,12,611,21/01/2021
3956,United Kingdom,114,1,95,21/01/2021
3957,United Kingdom,382,2,346,21/01/2021
3958,United Kingdom,0,0,3148,21/01/2021
3959,United Kingdom,3092041,102597,0,21/01/2021
3960,United Kingdom,35,0,29,21/01/2021
3961,United Kingdom,3881,59,3033,21/01/2021
3962,United Kingdom,432,25,357,21/01/2021
3963,United Kingdom,13,1,12,21/01/2021
3964,United Kingdom,98351,2370,0,21/01/2021
3965,United Kingdom,4,0,4,21/01/2021
3966,United Kingdom,168219,8031,0,21/01/2021
3967,United Kingdom,1164,7,935,21/01/2021
3968,United Kingdom,0,133,0,21/01/2021
3969,United Kingdom,185035,6516,0,21/01/2021
4006,United Kingdom,3077,62,0,21/01/2021
4007,United Kingdom,310,16,0,21/01/2021
4013,United Kingdom,0,0,0,21/01/2021
3987,United Kingdom,3904,12,,20/01/2023
3988,United Kingdom,18751,157,,20/01/2023
3989,United Kingdom,7305,64,,20/01/2023
3990,United Kingdom,31472,37,,20/01/2023
3991,United Kingdom,0,0,,20/01/2023
3992,United Kingdom,20503511,184928,,20/01/2023
3993,United Kingdom,1930,0,,20/01/2023
3994,United Kingdom,20392,111,,20/01/2023
3995,United Kingdom,34672,66,,20/01/2023
3996,United Kingdom,38008,116,,20/01/2023
3997,United Kingdom,66259,155,,20/01/2023
3998,United Kingdom,1403,8,,20/01/2023
3999,United Kingdom,713294,5118,,20/01/2023
4000,United Kingdom,4,0,,20/01/2023
4001,United Kingdom,2166,0,,20/01/2023
4002,United Kingdom,2147103,16696,,20/01/2023
4003,United Kingdom,6522,38,,20/01/2023
4004,United Kingdom,0,335,,20/01/2023
4005,United Kingdom,895328,11448,,20/01/2023
3981,United Kingdom,2187,7,,20/01/2022
3982,United Kingdom,9766,112,,20/01/2022
3983,United Kingdom,5602,47,,20/01/2022
3984,United Kingdom,12023,15,,20/01/2022
3985,United Kingdom,0,0,,20/01/2022
3986,United Kingdom,13255586,154916,,20/01/2022
3987,United Kingdom,85,0,,20/01/2022
3988,United Kingdom,11392,100,,20/01/2022
3989,United Kingdom,20306,70,,20/01/2022
3990,United Kingdom,151,1,,20/01/2022
3991,United Kingdom,496038,4160,,20/01/2022
3992,United Kingdom,4,0,,20/01/2022
3993,United Kingdom,1110186,12920,,20/01/2022
3994,United Kingdom,5442,32,,20/01/2022
3995,United Kingdom,0,266,,20/01/2022
3996,United Kingdom,751473,9540,,20/01/2022
4008,United Kingdom,27045,94,0,20/01/2022
4009,United Kingdom,10560,30,0,20/01/2022
4015,United Kingdom,0,0,0,20/01/2022
3953,United Kingdom,15,0,15,20/01/2021
3954,United Kingdom,684,12,611,20/01/2021
3955,United Kingdom,114,1,95,20/01/2021
3956,United Kingdom,381,2,341,20/01/2021
3957,United Kingdom,0,0,3107,20/01/2021
3958,United Kingdom,3057670,101393,0,20/01/2021
3959,United Kingdom,35,0,29,20/01/2021
3960,United Kingdom,3845,53,2994,20/01/2021
3961,United Kingdom,432,25,357,20/01/2021
3962,United Kingdom,13,1,12,20/01/2021
3963,United Kingdom,97619,2350,0,20/01/2021
3964,United Kingdom,4,0,4,20/01/2021
3965,United Kingdom,166583,7964,0,20/01/2021
3966,United Kingdom,1125,7,931,20/01/2021
3967,United Kingdom,0,130,0,20/01/2021
3968,United Kingdom,183882,6460,0,20/01/2021
4005,United Kingdom,3065,62,0,20/01/2021
4006,United Kingdom,309,16,0,20/01/2021
4012,United Kingdom,0,0,0,20/01/2021
3987,United Kingdom,3904,12,,19/01/2023
3988,United Kingdom,18751,157,,19/01/2023
3989,United Kingdom,7305,64,,19/01/2023
3990,United Kingdom,31472,37,,19/01/2023
3991,United Kingdom,0,0,,19/01/2023
3992,United Kingdom,20503511,184864,,19/01/2023
3993,United Kingdom,1930,0,,19/01/2023
3994,United Kingdom,20379,111,,19/01/2023
3995,United Kingdom,34672,66,,19/01/2023
3996,United Kingdom,38008,116,,19/01/2023
3997,United Kingdom,66174,154,,19/01/2023
3998,United Kingdom,1403,8,,19/01/2023
3999,United Kingdom,713294,5115,,19/01/2023
4000,United Kingdom,4,0,,19/01/2023
4001,United Kingdom,2166,0,,19/01/2023
4002,United Kingdom,2147103,16689,,19/01/2023
4003,United Kingdom,6522,38,,19/01/2023
4004,United Kingdom,0,335,,19/01/2023
4005,United Kingdom,895328,11442,,19/01/2023
3981,United Kingdom,2187,7,,19/01/2022
3982,United Kingdom,9144,110,,19/01/2022
3983,United Kingdom,5449,47,,19/01/2022
3984,United Kingdom,12023,15,,19/01/2022
3985,United Kingdom,0,0,,19/01/2022
3986,United Kingdom,13160429,154750,,19/01/2022
3987,United Kingdom,85,0,,19/01/2022
3988,United Kingdom,11216,100,,19/01/2022
3989,United Kingdom,20179,70,,19/01/2022
3990,United Kingdom,148,1,,19/01/2022
3991,United Kingdom,492159,4153,,19/01/2022
3992,United Kingdom,4,0,,19/01/2022
3993,United Kingdom,1105454,12899,,19/01/2022
3994,United Kingdom,5271,32,,19/01/2022
3995,United Kingdom,0,265,,19/01/2022
3996,United Kingdom,748708,9534,,19/01/2022
4008,United Kingdom,26731,92,0,19/01/2022
4009,United Kingdom,10505,30,0,19/01/2022
4015,United Kingdom,0,0,0,19/01/2022
3953,United Kingdom,15,0,15,19/01/2021
3954,United Kingdom,684,12,603,19/01/2021
3955,United Kingdom,114,1,95,19/01/2021
3956,United Kingdom,381,2,334,19/01/2021
3957,United Kingdom,0,0,3107,19/01/2021
3958,United Kingdom,3022609,100156,0,19/01/2021
3959,United Kingdom,32,0,27,19/01/2021
3960,United Kingdom,3793,47,2914,19/01/2021
3961,United Kingdom,432,25,354,19/01/2021
3962,United Kingdom,13,1,12,19/01/2021
3963,United Kingdom,96714,2327,0,19/01/2021
3964,United Kingdom,4,0,4,19/01/2021
3965,United Kingdom,164927,7896,0,19/01/2021
3966,United Kingdom,1105,7,902,19/01/2021
3967,United Kingdom,0,129,0,19/01/2021
3968,United Kingdom,182599,6406,0,19/01/2021
4005,United Kingdom,3056,62,0,19/01/2021
4006,United Kingdom,309,16,0,19/01/2021
4012,United Kingdom,0,0,0,19/01/2021
3987,United Kingdom,3904,12,,18/01/2023
3988,United Kingdom,18751,157,,18/01/2023
3989,United Kingdom,7305,64,,18/01/2023
3990,United Kingdom,31472,37,,18/01/2023
3991,United Kingdom,0,0,,18/01/2023
3992,United Kingdom,20489558,184796,,18/01/2023
3993,United Kingdom,1930,0,,18/01/2023
3994,United Kingdom,20379,111,,18/01/2023
3995,United Kingdom,34672,66,,18/01/2023
3996,United Kingdom,38008,116,,18/01/2023
3997,United Kingdom,66174,154,,18/01/2023
3998,United Kingdom,1403,8,,18/01/2023
3999,United Kingdom,713294,5112,,18/01/2023
4000,United Kingdom,4,0,,18/01/2023
4001,United Kingdom,2166,0,,18/01/2023
4002,United Kingdom,2145484,16681,,18/01/2023
4003,United Kingdom,6522,38,,18/01/2023
4004,United Kingdom,0,335,,18/01/2023
4005,United Kingdom,895053,11440,,18/01/2023
3981,United Kingdom,2109,7,,18/01/2022
3982,United Kingdom,9144,110,,18/01/2022
3983,United Kingdom,5449,47,,18/01/2022
3984,United Kingdom,12023,15,,18/01/2022
3985,United Kingdom,0,0,,18/01/2022
3986,United Kingdom,13064494,154570,,18/01/2022
3987,United Kingdom,85,0,,18/01/2022
3988,United Kingdom,11064,100,,18/01/2022
3989,United Kingdom,20087,70,,18/01/2022
3990,United Kingdom,146,1,,18/01/2022
3991,United Kingdom,487708,4146,,18/01/2022
3992,United Kingdom,4,0,,18/01/2022
3993,United Kingdom,1100526,12878,,18/01/2022
3994,United Kingdom,5195,30,,18/01/2022
3995,United Kingdom,0,265,,18/01/2022
3996,United Kingdom,746572,9521,,18/01/2022
4008,United Kingdom,26406,92,0,18/01/2022
4009,United Kingdom,10441,30,0,18/01/2022
4015,United Kingdom,0,0,0,18/01/2022
3953,United Kingdom,15,0,15,18/01/2021
3954,United Kingdom,683,12,598,18/01/2021
3955,United Kingdom,114,1,95,18/01/2021
3956,United Kingdom,380,2,330,18/01/2021
3957,United Kingdom,0,0,3073,18/01/2021
3958,United Kingdom,2992238,98828,0,18/01/2021
3959,United Kingdom,32,0,27,18/01/2021
3960,United Kingdom,3712,45,2840,18/01/2021
3961,United Kingdom,432,25,354,18/01/2021
3962,United Kingdom,13,1,12,18/01/2021
3963,United Kingdom,96001,2299,0,18/01/2021
3964,United Kingdom,4,0,4,18/01/2021
3965,United Kingdom,163762,7819,0,18/01/2021
3966,United Kingdom,1105,7,902,18/01/2021
3967,United Kingdom,0,126,0,18/01/2021
3968,United Kingdom,181493,6352,0,18/01/2021
4005,United Kingdom,3051,62,0,18/01/2021
4006,United Kingdom,309,16,0,18/01/2021
4012,United Kingdom,0,0,0,18/01/2021
3987,United Kingdom,3904,12,,17/01/2023
3988,United Kingdom,18718,155,,17/01/2023
3989,United Kingdom,7305,64,,17/01/2023
3990,United Kingdom,31472,37,,17/01/2023
3991,United Kingdom,0,0,,17/01/2023
3992,United Kingdom,20489558,184726,,17/01/2023
3993,United Kingdom,1930,0,,17/01/2023
3994,United Kingdom,20379,111,,17/01/2023
3995,United Kingdom,34564,62,,17/01/2023
3996,United Kingdom,38008,116,,17/01/2023
3997,United Kingdom,66174,154,,17/01/2023
3998,United Kingdom,1403,8,,17/01/2023
3999,United Kingdom,713294,5110,,17/01/2023
4000,United Kingdom,4,0,,17/01/2023
4001,United Kingdom,2166,0,,17/01/2023
4002,United Kingdom,2145484,16669,,17/01/2023
4003,United Kingdom,6479,36,,17/01/2023
4004,United Kingdom,0,335,,17/01/2023
4005,United Kingdom,895053,11436,,17/01/2023
3981,United Kingdom,2109,7,,17/01/2022
3982,United Kingdom,9144,110,,17/01/2022
3983,United Kingdom,5449,47,,17/01/2022
3984,United Kingdom,12023,15,,17/01/2022
3985,United Kingdom,0,0,,17/01/2022
3986,United Kingdom,12979908,154369,,17/01/2022
3987,United Kingdom,85,0,,17/01/2022
3988,United Kingdom,10935,100,,17/01/2022
3989,United Kingdom,19956,70,,17/01/2022
3990,United Kingdom,139,1,,17/01/2022
3991,United Kingdom,483627,4140,,17/01/2022
3992,United Kingdom,4,0,,17/01/2022
3993,United Kingdom,1097158,12864,,17/01/2022
3994,United Kingdom,5110,30,,17/01/2022
3995,United Kingdom,0,264,,17/01/2022
3996,United Kingdom,744717,9510,,17/01/2022
4008,United Kingdom,26164,92,0,17/01/2022
4009,United Kingdom,10415,30,0,17/01/2022
4015,United Kingdom,0,0,0,17/01/2022
3953,United Kingdom,15,0,15,17/01/2021
3954,United Kingdom,670,12,583,17/01/2021
3955,United Kingdom,114,1,95,17/01/2021
3956,United Kingdom,374,2,328,17/01/2021
3957,United Kingdom,0,0,3049,17/01/2021
3958,United Kingdom,2958104,97586,0,17/01/2021
3959,United Kingdom,32,0,27,17/01/2021
3960,United Kingdom,3670,43,2689,17/01/2021
3961,United Kingdom,428,25,354,17/01/2021
3962,United Kingdom,13,1,12,17/01/2021
3963,United Kingdom,95361,2276,0,17/01/2021
3964,United Kingdom,4,0,4,17/01/2021
3965,United Kingdom,162333,7747,0,17/01/2021
3966,United Kingdom,1102,6,890,17/01/2021
3967,United Kingdom,0,123,0,17/01/2021
3968,United Kingdom,180161,6291,0,17/01/2021
4005,United Kingdom,3044,62,0,17/01/2021
4006,United Kingdom,309,16,0,17/01/2021
4012,United Kingdom,0,0,0,17/01/2021
3987,United Kingdom,3904,12,,16/01/2023
3988,United Kingdom,18718,155,,16/01/2023
3989,United Kingdom,7305,64,,16/01/2023
3990,United Kingdom,31472,37,,16/01/2023
3991,United Kingdom,0,0,,16/01/2023
3992,United Kingdom,20489558,184655,,16/01/2023
3993,United Kingdom,1930,0,,16/01/2023
3994,United Kingdom,20379,111,,16/01/2023
3995,United Kingdom,34564,62,,16/01/2023
3996,United Kingdom,38008,116,,16/01/2023
3997,United Kingdom,66174,154,,16/01/2023
3998,United Kingdom,1403,8,,16/01/2023
3999,United Kingdom,713294,5109,,16/01/2023
4000,United Kingdom,4,0,,16/01/2023
4001,United Kingdom,2166,0,,16/01/2023
4002,United Kingdom,2145484,16658,,16/01/2023
4003,United Kingdom,6479,36,,16/01/2023
4004,United Kingdom,0,335,,16/01/2023
4005,United Kingdom,895053,11428,,16/01/2023
3981,United Kingdom,2109,7,,16/01/2022
3982,United Kingdom,8541,110,,16/01/2022
3983,United Kingdom,5255,42,,16/01/2022
3984,United Kingdom,11666,15,,16/01/2022
3985,United Kingdom,0,0,,16/01/2022
3986,United Kingdom,12906041,154172,,16/01/2022
3987,United Kingdom,85,0,,16/01/2022
3988,United Kingdom,10833,100,,16/01/2022
3989,United Kingdom,19686,70,,16/01/2022
3990,United Kingdom,139,1,,16/01/2022
3991,United Kingdom,480332,4135,,16/01/2022
3992,United Kingdom,4,0,,16/01/2022
3993,United Kingdom,1090165,12847,,16/01/2022
3994,United Kingdom,5110,30,,16/01/2022
3995,United Kingdom,0,264,,16/01/2022
3996,United Kingdom,740742,9497,,16/01/2022
4008,United Kingdom,25908,92,0,16/01/2022
4009,United Kingdom,10371,30,0,16/01/2022
4015,United Kingdom,0,0,0,16/01/2022
3953,United Kingdom,15,0,15,16/01/2021
3954,United Kingdom,670,12,583,16/01/2021
3955,United Kingdom,114,1,95,16/01/2021
3956,United Kingdom,374,2,328,16/01/2021
3957,United Kingdom,0,0,2997,16/01/2021
3958,United Kingdom,2922841,96357,0,16/01/2021
3959,United Kingdom,32,0,27,16/01/2021
3960,United Kingdom,3637,34,2588,16/01/2021
3961,United Kingdom,419,25,354,16/01/2021
3962,United Kingdom,13,1,12,16/01/2021
3963,United Kingdom,94539,2241,0,16/01/2021
3964,United Kingdom,4,0,4,16/01/2021
3965,United Kingdom,160992,7697,0,16/01/2021
3966,United Kingdom,1079,6,863,16/01/2021
3967,United Kingdom,0,122,0,16/01/2021
3968,United Kingdom,178989,6245,0,16/01/2021
4005,United Kingdom,3033,60,0,16/01/2021
4006,United Kingdom,309,16,0,16/01/2021
4012,United Kingdom,0,0,0,16/01/2021
3987,United Kingdom,3904,12,,15/01/2023
3988,United Kingdom,18718,155,,15/01/2023
3989,United Kingdom,7305,64,,15/01/2023
3990,United Kingdom,31472,37,,15/01/2023
3991,United Kingdom,0,0,,15/01/2023
3992,United Kingdom,20489558,184568,,15/01/2023
3993,United Kingdom,1930,0,,15/01/2023
3994,United Kingdom,20379,111,,15/01/2023
3995,United Kingdom,34564,62,,15/01/2023
3996,United Kingdom,38008,116,,15/01/2023
3997,United Kingdom,66174,154,,15/01/2023
3998,United Kingdom,1403,8,,15/01/2023
3999,United Kingdom,713294,5107,,15/01/2023
4000,United Kingdom,4,0,,15/01/2023
4001,United Kingdom,2166,0,,15/01/2023
4002,United Kingdom,2145484,16650,,15/01/2023
4003,United Kingdom,6479,36,,15/01/2023
4004,United Kingdom,0,334,,15/01/2023
4005,United Kingdom,895053,11421,,15/01/2023
3981,United Kingdom,2040,6,,15/01/2022
3982,United Kingdom,8541,110,,15/01/2022
3983,United Kingdom,5255,42,,15/01/2022
3984,United Kingdom,11666,15,,15/01/2022
3985,United Kingdom,0,0,,15/01/2022
3986,United Kingdom,12840532,153962,,15/01/2022
3987,United Kingdom,85,0,,15/01/2022
3988,United Kingdom,10725,100,,15/01/2022
3989,United Kingdom,19686,70,,15/01/2022
3990,United Kingdom,129,1,,15/01/2022
3991,United Kingdom,477814,4129,,15/01/2022
3992,United Kingdom,4,0,,15/01/2022
3993,United Kingdom,1090165,12828,,15/01/2022
3994,United Kingdom,5025,30,,15/01/2022
3995,United Kingdom,0,263,,15/01/2022
3996,United Kingdom,738609,9477,,15/01/2022
4008,United Kingdom,25618,92,0,15/01/2022
4009,United Kingdom,10314,30,0,15/01/2022
4015,United Kingdom,0,0,0,15/01/2022
3953,United Kingdom,15,0,13,15/01/2021
3954,United Kingdom,667,12,571,15/01/2021
3955,United Kingdom,114,1,95,15/01/2021
3956,United Kingdom,374,2,328,15/01/2021
3957,United Kingdom,0,0,2997,15/01/2021
3958,United Kingdom,2885082,95116,0,15/01/2021
3959,United Kingdom,32,0,27,15/01/2021
3960,United Kingdom,3575,30,2432,15/01/2021
3961,United Kingdom,418,25,354,15/01/2021
3962,United Kingdom,13,1,12,15/01/2021
3963,United Kingdom,93834,2218,0,15/01/2021
3964,United Kingdom,4,0,4,15/01/2021
3965,United Kingdom,159239,7620,0,15/01/2021
3966,United Kingdom,1062,6,862,15/01/2021
3967,United Kingdom,0,118,0,15/01/2021
3968,United Kingdom,177864,6171,0,15/01/2021
4005,United Kingdom,3022,60,0,15/01/2021
4006,United Kingdom,308,16,0,15/01/2021
4012,United Kingdom,0,0,0,15/01/2021
3987,United Kingdom,3904,12,,14/01/2023
3988,United Kingdom,18718,155,,14/01/2023
3989,United Kingdom,7305,64,,14/01/2023
3990,United Kingdom,31472,37,,14/01/2023
3991,United Kingdom,0,0,,14/01/2023
3992,United Kingdom,20489558,184483,,14/01/2023
3993,United Kingdom,1930,0,,14/01/2023
3994,United Kingdom,20379,111,,14/01/2023
3995,United Kingdom,34564,62,,14/01/2023
3996,United Kingdom,38008,116,,14/01/2023
3997,United Kingdom,66174,154,,14/01/2023
3998,United Kingdom,1403,8,,14/01/2023
3999,United Kingdom,713294,5103,,14/01/2023
4000,United Kingdom,4,0,,14/01/2023
4001,United Kingdom,2166,0,,14/01/2023
4002,United Kingdom,2145484,16636,,14/01/2023
4003,United Kingdom,6479,36,,14/01/2023
4004,United Kingdom,0,334,,14/01/2023
4005,United Kingdom,895053,11412,,14/01/2023
3981,United Kingdom,2040,6,,14/01/2022
3982,United Kingdom,8541,110,,14/01/2022
3983,United Kingdom,5255,42,,14/01/2022
3984,United Kingdom,11666,14,,14/01/2022
3985,United Kingdom,0,0,,14/01/2022
3986,United Kingdom,12766944,153752,,14/01/2022
3987,United Kingdom,85,0,,14/01/2022
3988,United Kingdom,10549,100,,14/01/2022
3989,United Kingdom,19686,70,,14/01/2022
3990,United Kingdom,129,1,,14/01/2022
3991,United Kingdom,475146,4125,,14/01/2022
3992,United Kingdom,4,0,,14/01/2022
3993,United Kingdom,1085696,12804,,14/01/2022
3994,United Kingdom,4956,30,,14/01/2022
3995,United Kingdom,0,262,,14/01/2022
3996,United Kingdom,738609,9457,,14/01/2022
4008,United Kingdom,25327,92,0,14/01/2022
4009,United Kingdom,10228,30,0,14/01/2022
4015,United Kingdom,0,0,0,14/01/2022
3952,United Kingdom,15,0,13,14/01/2021
3953,United Kingdom,664,12,566,14/01/2021
3954,United Kingdom,114,1,95,14/01/2021
3955,United Kingdom,368,2,326,14/01/2021
3956,United Kingdom,0,0,2997,14/01/2021
3957,United Kingdom,2834341,93954,0,14/01/2021
3958,United Kingdom,32,0,27,14/01/2021
3959,United Kingdom,3509,25,2343,14/01/2021
3960,United Kingdom,417,25,354,14/01/2021
3961,United Kingdom,13,1,12,14/01/2021
3962,United Kingdom,92782,2189,0,14/01/2021
3963,United Kingdom,4,0,4,14/01/2021
3964,United Kingdom,157079,7556,0,14/01/2021
3965,United Kingdom,1030,6,847,14/01/2021
3966,United Kingdom,0,116,0,14/01/2021
3967,United Kingdom,176056,6104,0,14/01/2021
4004,United Kingdom,3005,59,0,14/01/2021
4005,United Kingdom,308,16,0,14/01/2021
4011,United Kingdom,0,0,0,14/01/2021
3987,United Kingdom,3904,12,,13/01/2023
3988,United Kingdom,18718,155,,13/01/2023
3989,United Kingdom,7305,64,,13/01/2023
3990,United Kingdom,31472,37,,13/01/2023
3991,United Kingdom,0,0,,13/01/2023
3992,United Kingdom,20489558,184401,,13/01/2023
3993,United Kingdom,1930,0,,13/01/2023
3994,United Kingdom,20379,111,,13/01/2023
3995,United Kingdom,34564,62,,13/01/2023
3996,United Kingdom,38008,116,,13/01/2023
3997,United Kingdom,66174,154,,13/01/2023
3998,United Kingdom,1403,8,,13/01/2023
3999,United Kingdom,713294,5100,,13/01/2023
4000,United Kingdom,4,0,,13/01/2023
4001,United Kingdom,2166,0,,13/01/2023
4002,United Kingdom,2145484,16630,,13/01/2023
4003,United Kingdom,6479,36,,13/01/2023
4004,United Kingdom,0,333,,13/01/2023
4005,United Kingdom,895053,11404,,13/01/2023
3981,United Kingdom,1942,6,,13/01/2022
3982,United Kingdom,7880,110,,13/01/2022
3983,United Kingdom,4947,40,,13/01/2022
3984,United Kingdom,11666,14,,13/01/2022
3985,United Kingdom,0,0,,13/01/2022
3986,United Kingdom,12680151,153550,,13/01/2022
3987,United Kingdom,85,0,,13/01/2022
3988,United Kingdom,10400,100,,13/01/2022
3989,United Kingdom,19563,70,,13/01/2022
3990,United Kingdom,118,1,,13/01/2022
3991,United Kingdom,472192,4122,,13/01/2022
3992,United Kingdom,4,0,,13/01/2022
3993,United Kingdom,1079729,12784,,13/01/2022
3994,United Kingdom,4731,28,,13/01/2022
3995,United Kingdom,0,261,,13/01/2022
3996,United Kingdom,735745,9448,,13/01/2022
4008,United Kingdom,24993,90,0,13/01/2022
4009,United Kingdom,10131,30,0,13/01/2022
4015,United Kingdom,0,0,0,13/01/2022
3952,United Kingdom,15,0,13,13/01/2021
3953,United Kingdom,661,12,558,13/01/2021
3954,United Kingdom,114,1,95,13/01/2021
3955,United Kingdom,362,2,325,13/01/2021
3956,United Kingdom,0,0,2969,13/01/2021
3957,United Kingdom,2789983,92787,0,13/01/2021
3958,United Kingdom,32,0,27,13/01/2021
3959,United Kingdom,3431,20,2259,13/01/2021
3960,United Kingdom,414,25,353,13/01/2021
3961,United Kingdom,13,1,12,13/01/2021
3962,United Kingdom,91809,2155,0,13/01/2021
3963,United Kingdom,4,0,4,13/01/2021
3964,United Kingdom,155372,7492,0,13/01/2021
3965,United Kingdom,1011,6,819,13/01/2021
3966,United Kingdom,0,116,0,13/01/2021
3967,United Kingdom,174412,6028,0,13/01/2021
4004,United Kingdom,2996,59,0,13/01/2021
4005,United Kingdom,307,16,0,13/01/2021
4011,United Kingdom,0,0,0,13/01/2021
3987,United Kingdom,3904,12,,12/01/2023
3988,United Kingdom,18718,155,,12/01/2023
3989,United Kingdom,7305,64,,12/01/2023
3990,United Kingdom,31472,37,,12/01/2023
3991,United Kingdom,0,0,,12/01/2023
3992,United Kingdom,20489558,184322,,12/01/2023
3993,United Kingdom,1930,0,,12/01/2023
3994,United Kingdom,20379,111,,12/01/2023
3995,United Kingdom,34397,69,,12/01/2023
3996,United Kingdom,38008,116,,12/01/2023
3997,United Kingdom,65976,150,,12/01/2023
3998,United Kingdom,1403,8,,12/01/2023
3999,United Kingdom,713294,5098,,12/01/2023
4000,United Kingdom,4,0,,12/01/2023
4001,United Kingdom,2166,0,,12/01/2023
4002,United Kingdom,2145484,16621,,12/01/2023
4003,United Kingdom,6479,36,,12/01/2023
4004,United Kingdom,0,333,,12/01/2023
4005,United Kingdom,895053,11392,,12/01/2023
3981,United Kingdom,1942,6,,12/01/2022
3982,United Kingdom,7880,110,,12/01/2022
3983,United Kingdom,4947,40,,12/01/2022
3984,United Kingdom,11666,14,,12/01/2022
3985,United Kingdom,0,0,,12/01/2022
3986,United Kingdom,12585787,153360,,12/01/2022
3987,United Kingdom,85,0,,12/01/2022
3988,United Kingdom,10248,100,,12/01/2022
3989,United Kingdom,19406,68,,12/01/2022
3990,United Kingdom,118,1,,12/01/2022
3991,United Kingdom,469212,4112,,12/01/2022
3992,United Kingdom,4,0,,12/01/2022
3993,United Kingdom,1074591,12755,,12/01/2022
3994,United Kingdom,4636,28,,12/01/2022
3995,United Kingdom,0,261,,12/01/2022
3996,United Kingdom,732548,9435,,12/01/2022
4008,United Kingdom,24666,90,0,12/01/2022
4009,United Kingdom,10042,30,0,12/01/2022
4015,United Kingdom,0,0,0,12/01/2022
3952,United Kingdom,15,0,13,12/01/2021
3953,United Kingdom,656,12,554,12/01/2021
3954,United Kingdom,114,1,95,12/01/2021
3955,United Kingdom,362,2,316,12/01/2021
3956,United Kingdom,0,0,2948,12/01/2021
3957,United Kingdom,2747085,91626,0,12/01/2021
3958,United Kingdom,29,0,27,12/01/2021
3959,United Kingdom,3324,17,2213,12/01/2021
3960,United Kingdom,406,25,351,12/01/2021
3961,United Kingdom,13,1,12,12/01/2021
3962,United Kingdom,90664,2131,0,12/01/2021
3963,United Kingdom,4,0,4,12/01/2021
3964,United Kingdom,153423,7439,0,12/01/2021
3965,United Kingdom,1011,6,819,12/01/2021
3966,United Kingdom,0,113,0,12/01/2021
3967,United Kingdom,172879,5960,0,12/01/2021
4004,United Kingdom,2982,57,0,12/01/2021
4005,United Kingdom,306,16,0,12/01/2021
4011,United Kingdom,0,0,0,12/01/2021
3987,United Kingdom,3904,12,,11/01/2023
3988,United Kingdom,18718,155,,11/01/2023
3989,United Kingdom,7305,64,,11/01/2023
3990,United Kingdom,31472,37,,11/01/2023
3991,United Kingdom,0,0,,11/01/2023
3992,United Kingdom,20465614,184222,,11/01/2023
3993,United Kingdom,1930,0,,11/01/2023
3994,United Kingdom,20342,111,,11/01/2023
3995,United Kingdom,34397,69,,11/01/2023
3996,United Kingdom,38008,116,,11/01/2023
3997,United Kingdom,65976,150,,11/01/2023
3998,United Kingdom,1403,8,,11/01/2023
3999,United Kingdom,713294,5092,,11/01/2023
4000,United Kingdom,4,0,,11/01/2023
4001,United Kingdom,2166,0,,11/01/2023
4002,United Kingdom,2136695,16616,,11/01/2023
4003,United Kingdom,6479,36,,11/01/2023
4004,United Kingdom,0,333,,11/01/2023
4005,United Kingdom,894524,11387,,11/01/2023
3981,United Kingdom,1942,6,,11/01/2022
3982,United Kingdom,7880,110,,11/01/2022
3983,United Kingdom,4764,40,,11/01/2022
3984,United Kingdom,11226,12,,11/01/2022
3985,United Kingdom,0,0,,11/01/2022
3986,United Kingdom,12469614,153162,,11/01/2022
3987,United Kingdom,85,0,,11/01/2022
3988,United Kingdom,10096,100,,11/01/2022
3989,United Kingdom,18847,68,,11/01/2022
3990,United Kingdom,114,1,,11/01/2022
3991,United Kingdom,466290,4101,,11/01/2022
3992,United Kingdom,4,0,,11/01/2022
3993,United Kingdom,1067028,12739,,11/01/2022
3994,United Kingdom,4094,27,,11/01/2022
3995,United Kingdom,0,261,,11/01/2022
3996,United Kingdom,729662,9422,,11/01/2022
4008,United Kingdom,24217,90,0,11/01/2022
4009,United Kingdom,9946,28,0,11/01/2022
4015,United Kingdom,0,0,0,11/01/2022
3952,United Kingdom,15,0,13,11/01/2021
3953,United Kingdom,656,12,554,11/01/2021
3954,United Kingdom,114,1,95,11/01/2021
3955,United Kingdom,362,2,316,11/01/2021
3956,United Kingdom,0,0,2850,11/01/2021
3957,United Kingdom,2705964,90453,0,11/01/2021
3958,United Kingdom,29,0,27,11/01/2021
3959,United Kingdom,3240,16,2119,11/01/2021
3960,United Kingdom,403,25,351,11/01/2021
3961,United Kingdom,13,1,12,11/01/2021
3962,United Kingdom,89459,2106,0,11/01/2021
3963,United Kingdom,4,0,4,11/01/2021
3964,United Kingdom,151548,7382,0,11/01/2021
3965,United Kingdom,994,6,812,11/01/2021
3966,United Kingdom,0,111,0,11/01/2021
3967,United Kingdom,171547,5897,0,11/01/2021
4004,United Kingdom,2964,57,0,11/01/2021
4005,United Kingdom,305,16,0,11/01/2021
4011,United Kingdom,0,0,0,11/01/2021
3987,United Kingdom,3904,12,,10/01/2023
3988,United Kingdom,18684,154,,10/01/2023
3989,United Kingdom,7305,64,,10/01/2023
3990,United Kingdom,31472,37,,10/01/2023
3991,United Kingdom,0,0,,10/01/2023
3992,United Kingdom,20465614,184149,,10/01/2023
3993,United Kingdom,1930,0,,10/01/2023
3994,United Kingdom,20342,111,,10/01/2023
3995,United Kingdom,34397,69,,10/01/2023
3996,United Kingdom,38008,116,,10/01/2023
3997,United Kingdom,65976,150,,10/01/2023
3998,United Kingdom,1403,8,,10/01/2023
3999,United Kingdom,713294,5089,,10/01/2023
4000,United Kingdom,4,0,,10/01/2023
4001,United Kingdom,2166,0,,10/01/2023
4002,United Kingdom,2136695,16603,,10/01/2023
4003,United Kingdom,6479,36,,10/01/2023
4004,United Kingdom,0,333,,10/01/2023
4005,United Kingdom,894524,11383,,10/01/2023
3981,United Kingdom,1942,6,,10/01/2022
3982,United Kingdom,7880,110,,10/01/2022
3983,United Kingdom,4207,40,,10/01/2022
3984,United Kingdom,10618,12,,10/01/2022
3985,United Kingdom,0,0,,10/01/2022
3986,United Kingdom,12370121,152960,,10/01/2022
3987,United Kingdom,85,0,,10/01/2022
3988,United Kingdom,9969,100,,10/01/2022
3989,United Kingdom,18701,68,,10/01/2022
3990,United Kingdom,114,1,,10/01/2022
3991,United Kingdom,462870,4100,,10/01/2022
3992,United Kingdom,4,0,,10/01/2022
3993,United Kingdom,1056837,12723,,10/01/2022
3994,United Kingdom,4011,27,,10/01/2022
3995,United Kingdom,0,259,,10/01/2022
3996,United Kingdom,727486,9410,,10/01/2022
4008,United Kingdom,23789,90,0,10/01/2022
4009,United Kingdom,9820,28,0,10/01/2022
4015,United Kingdom,0,0,0,10/01/2022
3952,United Kingdom,15,0,13,10/01/2021
3953,United Kingdom,652,12,551,10/01/2021
3954,United Kingdom,114,1,95,10/01/2021
3955,United Kingdom,359,2,311,10/01/2021
3956,United Kingdom,0,0,2850,10/01/2021
3957,United Kingdom,2664129,89377,0,10/01/2021
3958,United Kingdom,29,0,27,10/01/2021
3959,United Kingdom,3170,16,1989,10/01/2021
3960,United Kingdom,396,25,349,10/01/2021
3961,United Kingdom,13,1,12,10/01/2021
3962,United Kingdom,88700,2075,0,10/01/2021
3963,United Kingdom,4,0,4,10/01/2021
3964,United Kingdom,149766,7328,0,10/01/2021
3965,United Kingdom,994,6,812,10/01/2021
3966,United Kingdom,0,111,0,10/01/2021
3967,United Kingdom,169754,5814,0,10/01/2021
4004,United Kingdom,2920,57,0,10/01/2021
4005,United Kingdom,304,16,0,10/01/2021
4011,United Kingdom,0,0,0,10/01/2021
3987,United Kingdom,3904,12,,09/01/2023
3988,United Kingdom,18684,154,,09/01/2023
3989,United Kingdom,7305,64,,09/01/2023
3990,United Kingdom,31472,37,,09/01/2023
3991,United Kingdom,0,0,,09/01/2023
3992,United Kingdom,20465614,184068,,09/01/2023
3993,United Kingdom,1930,0,,09/01/2023
3994,United Kingdom,20342,111,,09/01/2023
3995,United Kingdom,34397,69,,09/01/2023
3996,United Kingdom,38008,116,,09/01/2023
3997,United Kingdom,65976,150,,09/01/2023
3998,United Kingdom,1403,8,,09/01/2023
3999,United Kingdom,713294,5087,,09/01/2023
4000,United Kingdom,4,0,,09/01/2023
4001,United Kingdom,2166,0,,09/01/2023
4002,United Kingdom,2136695,16593,,09/01/2023
4003,United Kingdom,6479,36,,09/01/2023
4004,United Kingdom,0,333,,09/01/2023
4005,United Kingdom,894524,11366,,09/01/2023
3981,United Kingdom,1777,6,,09/01/2022
3982,United Kingdom,7191,110,,09/01/2022
3983,United Kingdom,4207,40,,09/01/2022
3984,United Kingdom,10618,12,,09/01/2022
3985,United Kingdom,0,0,,09/01/2022
3986,United Kingdom,12254123,152760,,09/01/2022
3987,United Kingdom,85,0,,09/01/2022
3988,United Kingdom,9891,100,,09/01/2022
3989,United Kingdom,18274,68,,09/01/2022
3990,United Kingdom,114,1,,09/01/2022
3991,United Kingdom,460164,4097,,09/01/2022
3992,United Kingdom,4,0,,09/01/2022
3993,United Kingdom,1045109,12698,,09/01/2022
3994,United Kingdom,4007,27,,09/01/2022
3995,United Kingdom,0,259,,09/01/2022
3996,United Kingdom,715796,9396,,09/01/2022
4008,United Kingdom,23338,90,0,09/01/2022
4009,United Kingdom,9692,28,0,09/01/2022
4015,United Kingdom,0,0,0,09/01/2022
3952,United Kingdom,15,0,13,09/01/2021
3953,United Kingdom,646,12,540,09/01/2021
3954,United Kingdom,114,1,95,09/01/2021
3955,United Kingdom,359,2,311,09/01/2021
3956,United Kingdom,0,0,2850,09/01/2021
3957,United Kingdom,2613838,88347,0,09/01/2021
3958,United Kingdom,29,0,27,09/01/2021
3959,United Kingdom,3109,12,1842,09/01/2021
3960,United Kingdom,394,25,349,09/01/2021
3961,United Kingdom,13,1,12,09/01/2021
3962,United Kingdom,87588,2060,0,09/01/2021
3963,United Kingdom,4,0,4,09/01/2021
3964,United Kingdom,147889,7264,0,09/01/2021
3965,United Kingdom,994,6,812,09/01/2021
3966,United Kingdom,0,110,0,09/01/2021
3967,United Kingdom,168094,5751,0,09/01/2021
4004,United Kingdom,2911,56,0,09/01/2021
4005,United Kingdom,302,16,0,09/01/2021
4011,United Kingdom,0,0,0,09/01/2021
3987,United Kingdom,3904,12,,08/01/2023
3988,United Kingdom,18684,154,,08/01/2023
3989,United Kingdom,7305,64,,08/01/2023
3990,United Kingdom,31472,37,,08/01/2023
3991,United Kingdom,0,0,,08/01/2023
3992,United Kingdom,20465614,183962,,08/01/2023
3993,United Kingdom,1930,0,,08/01/2023
3994,United Kingdom,20342,111,,08/01/2023
3995,United Kingdom,34397,69,,08/01/2023
3996,United Kingdom,38008,116,,08/01/2023
3997,United Kingdom,65976,150,,08/01/2023
3998,United Kingdom,1403,8,,08/01/2023
3999,United Kingdom,713294,5084,,08/01/2023
4000,United Kingdom,4,0,,08/01/2023
4001,United Kingdom,2166,0,,08/01/2023
4002,United Kingdom,2136695,16576,,08/01/2023
4003,United Kingdom,6479,36,,08/01/2023
4004,United Kingdom,0,333,,08/01/2023
4005,United Kingdom,894524,11361,,08/01/2023
3981,United Kingdom,1777,6,,08/01/2022
3982,United Kingdom,7191,110,,08/01/2022
3983,United Kingdom,4207,40,,08/01/2022
3984,United Kingdom,10618,12,,08/01/2022
3985,United Kingdom,0,0,,08/01/2022
3986,United Kingdom,12132895,152560,,08/01/2022
3987,United Kingdom,85,0,,08/01/2022
3988,United Kingdom,9718,100,,08/01/2022
3989,United Kingdom,18274,68,,08/01/2022
3990,United Kingdom,110,1,,08/01/2022
3991,United Kingdom,456404,4087,,08/01/2022
3992,United Kingdom,4,0,,08/01/2022
3993,United Kingdom,1037622,12680,,08/01/2022
3994,United Kingdom,3880,27,,08/01/2022
3995,United Kingdom,0,257,,08/01/2022
3996,United Kingdom,706873,9384,,08/01/2022
4008,United Kingdom,22873,89,0,08/01/2022
4009,United Kingdom,9590,28,0,08/01/2022
4015,United Kingdom,0,0,0,08/01/2022
3952,United Kingdom,15,0,13,08/01/2021
3953,United Kingdom,641,12,538,08/01/2021
3954,United Kingdom,114,1,95,08/01/2021
3955,United Kingdom,359,2,311,08/01/2021
3956,United Kingdom,0,0,2850,08/01/2021
3957,United Kingdom,2559581,87371,0,08/01/2021
3958,United Kingdom,29,0,27,08/01/2021
3959,United Kingdom,3021,12,1692,08/01/2021
3960,United Kingdom,392,25,349,08/01/2021
3961,United Kingdom,13,1,12,08/01/2021
3962,United Kingdom,86146,2038,0,08/01/2021
3963,United Kingdom,4,0,4,08/01/2021
3964,United Kingdom,146024,7225,0,08/01/2021
3965,United Kingdom,965,6,811,08/01/2021
3966,United Kingdom,0,107,0,08/01/2021
3967,United Kingdom,165721,5697,0,08/01/2021
4004,United Kingdom,2897,53,0,08/01/2021
4005,United Kingdom,302,16,0,08/01/2021
4011,United Kingdom,0,0,0,08/01/2021
3987,United Kingdom,3904,12,,07/01/2023
3988,United Kingdom,18684,154,,07/01/2023
3989,United Kingdom,7305,64,,07/01/2023
3990,United Kingdom,31472,37,,07/01/2023
3991,United Kingdom,0,0,,07/01/2023
3992,United Kingdom,20465614,183865,,07/01/2023
3993,United Kingdom,1930,0,,07/01/2023
3994,United Kingdom,20342,111,,07/01/2023
3995,United Kingdom,34397,69,,07/01/2023
3996,United Kingdom,38008,116,,07/01/2023
3997,United Kingdom,65976,150,,07/01/2023
3998,United Kingdom,1403,8,,07/01/2023
3999,United Kingdom,713294,5081,,07/01/2023
4000,United Kingdom,4,0,,07/01/2023
4001,United Kingdom,2166,0,,07/01/2023
4002,United Kingdom,2136695,16566,,07/01/2023
4003,United Kingdom,6479,36,,07/01/2023
4004,United Kingdom,0,333,,07/01/2023
4005,United Kingdom,894524,11353,,07/01/2023
3981,United Kingdom,1777,6,,07/01/2022
3982,United Kingdom,7191,110,,07/01/2022
3983,United Kingdom,4207,40,,07/01/2022
3984,United Kingdom,10186,12,,07/01/2022
3985,United Kingdom,0,0,,07/01/2022
3986,United Kingdom,12008346,152372,,07/01/2022
3987,United Kingdom,85,0,,07/01/2022
3988,United Kingdom,9600,100,,07/01/2022
3989,United Kingdom,18274,68,,07/01/2022
3990,United Kingdom,100,1,,07/01/2022
3991,United Kingdom,452946,4082,,07/01/2022
3992,United Kingdom,4,0,,07/01/2022
3993,United Kingdom,1025063,12666,,07/01/2022
3994,United Kingdom,3755,26,,07/01/2022
3995,United Kingdom,0,256,,07/01/2022
3996,United Kingdom,706873,9376,,07/01/2022
4008,United Kingdom,22210,89,0,07/01/2022
4009,United Kingdom,9464,26,0,07/01/2022
4015,United Kingdom,0,0,0,07/01/2022
3952,United Kingdom,15,0,13,07/01/2021
3953,United Kingdom,636,11,531,07/01/2021
3954,United Kingdom,97,1,84,07/01/2021
3955,United Kingdom,359,2,310,07/01/2021
3956,United Kingdom,0,0,2756,07/01/2021
3957,United Kingdom,2497824,86449,0,07/01/2021
3958,United Kingdom,29,0,27,07/01/2021
3959,United Kingdom,2928,11,1639,07/01/2021
3960,United Kingdom,390,25,349,07/01/2021
3961,United Kingdom,13,1,12,07/01/2021
3962,United Kingdom,84646,2024,0,07/01/2021
3963,United Kingdom,4,0,4,07/01/2021
3964,United Kingdom,143715,7175,0,07/01/2021
3965,United Kingdom,956,6,799,07/01/2021
3966,United Kingdom,0,107,0,07/01/2021
3967,United Kingdom,163234,5631,0,07/01/2021
4004,United Kingdom,2880,51,0,07/01/2021
4005,United Kingdom,302,16,0,07/01/2021
4011,United Kingdom,0,0,0,07/01/2021
3987,United Kingdom,3904,12,,06/01/2023
3988,United Kingdom,18684,154,,06/01/2023
3989,United Kingdom,7305,64,,06/01/2023
3990,United Kingdom,31472,37,,06/01/2023
3991,United Kingdom,0,0,,06/01/2023
3992,United Kingdom,20465614,183769,,06/01/2023
3993,United Kingdom,1930,0,,06/01/2023
3994,United Kingdom,20342,111,,06/01/2023
3995,United Kingdom,34397,69,,06/01/2023
3996,United Kingdom,38008,116,,06/01/2023
3997,United Kingdom,65976,150,,06/01/2023
3998,United Kingdom,1403,8,,06/01/2023
3999,United Kingdom,713294,5078,,06/01/2023
4000,United Kingdom,4,0,,06/01/2023
4001,United Kingdom,2166,0,,06/01/2023
4002,United Kingdom,2136695,16552,,06/01/2023
4003,United Kingdom,6479,36,,06/01/2023
4004,United Kingdom,0,333,,06/01/2023
4005,United Kingdom,894524,11348,,06/01/2023
3981,United Kingdom,1777,6,,06/01/2022
3982,United Kingdom,6936,110,,06/01/2022
3983,United Kingdom,4207,40,,06/01/2022
3984,United Kingdom,9720,12,,06/01/2022
3985,United Kingdom,0,0,,06/01/2022
3986,United Kingdom,11858941,152166,,06/01/2022
3987,United Kingdom,85,0,,06/01/2022
3988,United Kingdom,9459,100,,06/01/2022
3989,United Kingdom,17948,68,,06/01/2022
3990,United Kingdom,90,1,,06/01/2022
3991,United Kingdom,446502,4079,,06/01/2022
3992,United Kingdom,4,0,,06/01/2022
3993,United Kingdom,1010660,12654,,06/01/2022
3994,United Kingdom,3755,26,,06/01/2022
3995,United Kingdom,0,255,,06/01/2022
3996,United Kingdom,698962,9369,,06/01/2022
4008,United Kingdom,21558,89,0,06/01/2022
4009,United Kingdom,9235,26,0,06/01/2022
4015,United Kingdom,0,0,0,06/01/2022
3952,United Kingdom,15,0,13,06/01/2021
3953,United Kingdom,632,11,522,06/01/2021
3954,United Kingdom,97,1,84,06/01/2021
3955,United Kingdom,356,2,307,06/01/2021
3956,United Kingdom,0,0,2756,06/01/2021
3957,United Kingdom,2450983,85531,0,06/01/2021
3958,United Kingdom,29,0,27,06/01/2021
3959,United Kingdom,2798,11,1579,06/01/2021
3960,United Kingdom,389,25,349,06/01/2021
3961,United Kingdom,13,1,12,06/01/2021
3962,United Kingdom,83236,1996,0,06/01/2021
3963,United Kingdom,4,0,4,06/01/2021
3964,United Kingdom,141066,7127,0,06/01/2021
3965,United Kingdom,941,6,799,06/01/2021
3966,United Kingdom,0,104,0,06/01/2021
3967,United Kingdom,161516,5572,0,06/01/2021
4004,United Kingdom,2854,47,0,06/01/2021
4005,United Kingdom,301,16,0,06/01/2021
4011,United Kingdom,0,0,0,06/01/2021
3987,United Kingdom,3904,12,,05/01/2023
3988,United Kingdom,18684,154,,05/01/2023
3989,United Kingdom,7305,64,,05/01/2023
3990,United Kingdom,31472,37,,05/01/2023
3991,United Kingdom,0,0,,05/01/2023
3992,United Kingdom,20465614,183684,,05/01/2023
3993,United Kingdom,1930,0,,05/01/2023
3994,United Kingdom,20275,110,,05/01/2023
3995,United Kingdom,34397,69,,05/01/2023
3996,United Kingdom,38008,116,,05/01/2023
3997,United Kingdom,65639,146,,05/01/2023
3998,United Kingdom,1403,8,,05/01/2023
3999,United Kingdom,713294,5071,,05/01/2023
4000,United Kingdom,4,0,,05/01/2023
4001,United Kingdom,2166,0,,05/01/2023
4002,United Kingdom,2136695,16538,,05/01/2023
4003,United Kingdom,6479,36,,05/01/2023
4004,United Kingdom,0,333,,05/01/2023
4005,United Kingdom,894524,11341,,05/01/2023
3981,United Kingdom,1777,6,,05/01/2022
3982,United Kingdom,6936,110,,05/01/2022
3983,United Kingdom,3760,40,,05/01/2022
3984,United Kingdom,9509,12,,05/01/2022
3985,United Kingdom,0,0,,05/01/2022
3986,United Kingdom,11706635,151984,,05/01/2022
3987,United Kingdom,84,0,,05/01/2022
3988,United Kingdom,9227,100,,05/01/2022
3989,United Kingdom,17416,67,,05/01/2022
3990,United Kingdom,76,1,,05/01/2022
3991,United Kingdom,439625,4075,,05/01/2022
3992,United Kingdom,4,0,,05/01/2022
3993,United Kingdom,999324,12634,,05/01/2022
3994,United Kingdom,3562,26,,05/01/2022
3995,United Kingdom,0,254,,05/01/2022
3996,United Kingdom,689750,9357,,05/01/2022
4008,United Kingdom,21054,89,0,05/01/2022
4009,United Kingdom,8954,25,0,05/01/2022
4015,United Kingdom,0,0,0,05/01/2022
3952,United Kingdom,15,0,13,05/01/2021
3953,United Kingdom,632,11,522,05/01/2021
3954,United Kingdom,97,1,84,05/01/2021
3955,United Kingdom,350,2,305,05/01/2021
3956,United Kingdom,0,0,2756,05/01/2021
3957,United Kingdom,2394923,84649,0,05/01/2021
3958,United Kingdom,29,0,17,05/01/2021
3959,United Kingdom,2626,10,1530,05/01/2021
3960,United Kingdom,386,25,349,05/01/2021
3961,United Kingdom,13,1,12,05/01/2021
3962,United Kingdom,81251,1984,0,05/01/2021
3963,United Kingdom,4,0,3,05/01/2021
3964,United Kingdom,139027,7072,0,05/01/2021
3965,United Kingdom,918,6,795,05/01/2021
3966,United Kingdom,0,103,0,05/01/2021
3967,United Kingdom,159278,5508,0,05/01/2021
4004,United Kingdom,2827,44,0,05/01/2021
4005,United Kingdom,300,16,0,05/01/2021
4011,United Kingdom,0,0,0,05/01/2021
3987,United Kingdom,3904,12,,04/01/2023
3988,United Kingdom,18684,154,,04/01/2023
3989,United Kingdom,7305,64,,04/01/2023
3990,United Kingdom,31472,37,,04/01/2023
3991,United Kingdom,0,0,,04/01/2023
3992,United Kingdom,20392339,183572,,04/01/2023
3993,United Kingdom,1930,0,,04/01/2023
3994,United Kingdom,20275,110,,04/01/2023
3995,United Kingdom,33910,66,,04/01/2023
3996,United Kingdom,38008,116,,04/01/2023
3997,United Kingdom,65639,146,,04/01/2023
3998,United Kingdom,1403,8,,04/01/2023
3999,United Kingdom,713294,5065,,04/01/2023
4000,United Kingdom,4,0,,04/01/2023
4001,United Kingdom,2166,0,,04/01/2023
4002,United Kingdom,2136695,16523,,04/01/2023
4003,United Kingdom,6479,36,,04/01/2023
4004,United Kingdom,0,333,,04/01/2023
4005,United Kingdom,892752,11331,,04/01/2023
3981,United Kingdom,1777,6,,04/01/2022
3982,United Kingdom,6936,110,,04/01/2022
3983,United Kingdom,3760,40,,04/01/2022
3984,United Kingdom,9509,12,,04/01/2022
3985,United Kingdom,0,0,,04/01/2022
3986,United Kingdom,11557285,151825,,04/01/2022
3987,United Kingdom,83,0,,04/01/2022
3988,United Kingdom,9059,100,,04/01/2022
3989,United Kingdom,16975,67,,04/01/2022
3990,United Kingdom,66,1,,04/01/2022
3991,United Kingdom,432492,4071,,04/01/2022
3992,United Kingdom,4,0,,04/01/2022
3993,United Kingdom,983270,12622,,04/01/2022
3994,United Kingdom,3562,26,,04/01/2022
3995,United Kingdom,0,254,,04/01/2022
3996,United Kingdom,668473,9352,,04/01/2022
4008,United Kingdom,20677,89,0,04/01/2022
4009,United Kingdom,8651,25,0,04/01/2022
4015,United Kingdom,0,0,0,04/01/2022
3952,United Kingdom,15,0,13,04/01/2021
3953,United Kingdom,624,10,519,04/01/2021
3954,United Kingdom,86,1,74,04/01/2021
3955,United Kingdom,347,2,299,04/01/2021
3956,United Kingdom,0,0,2690,04/01/2021
3957,United Kingdom,2339983,83793,0,04/01/2021
3958,United Kingdom,29,0,17,04/01/2021
3959,United Kingdom,2513,8,1504,04/01/2021
3960,United Kingdom,380,25,349,04/01/2021
3961,United Kingdom,13,1,12,04/01/2021
3962,United Kingdom,79873,1968,0,04/01/2021
3963,United Kingdom,4,0,3,04/01/2021
3964,United Kingdom,136498,7028,0,04/01/2021
3965,United Kingdom,910,6,783,04/01/2021
3966,United Kingdom,0,103,0,04/01/2021
3967,United Kingdom,157209,5451,0,04/01/2021
4004,United Kingdom,2799,44,0,04/01/2021
4005,United Kingdom,300,16,0,04/01/2021
4011,United Kingdom,0,0,0,04/01/2021
3987,United Kingdom,3904,12,,03/01/2023
3988,United Kingdom,18622,153,,03/01/2023
3989,United Kingdom,7305,64,,03/01/2023
3990,United Kingdom,31472,37,,03/01/2023
3991,United Kingdom,0,0,,03/01/2023
3992,United Kingdom,20392339,183457,,03/01/2023
3993,United Kingdom,1930,0,,03/01/2023
3994,United Kingdom,20275,110,,03/01/2023
3995,United Kingdom,33910,66,,03/01/2023
3996,United Kingdom,38008,116,,03/01/2023
3997,United Kingdom,65639,146,,03/01/2023
3998,United Kingdom,1403,8,,03/01/2023
3999,United Kingdom,713294,5065,,03/01/2023
4000,United Kingdom,4,0,,03/01/2023
4001,United Kingdom,2166,0,,03/01/2023
4002,United Kingdom,2136695,16508,,03/01/2023
4003,United Kingdom,6479,36,,03/01/2023
4004,United Kingdom,0,332,,03/01/2023
4005,United Kingdom,892752,11323,,03/01/2023
3981,United Kingdom,1674,5,,03/01/2022
3982,United Kingdom,6420,110,,03/01/2022
3983,United Kingdom,3760,40,,03/01/2022
3984,United Kingdom,8943,12,,03/01/2022
3985,United Kingdom,0,0,,03/01/2022
3986,United Kingdom,11408560,151669,,03/01/2022
3987,United Kingdom,83,0,,03/01/2022
3988,United Kingdom,8927,100,,03/01/2022
3989,United Kingdom,13754,67,,03/01/2022
3990,United Kingdom,66,1,,03/01/2022
3991,United Kingdom,402069,4067,,03/01/2022
3992,United Kingdom,4,0,,03/01/2022
3993,United Kingdom,966027,12598,,03/01/2022
3994,United Kingdom,3562,26,,03/01/2022
3995,United Kingdom,0,254,,03/01/2022
3996,United Kingdom,646159,9334,,03/01/2022
4008,United Kingdom,20254,89,0,03/01/2022
4009,United Kingdom,8489,24,0,03/01/2022
4015,United Kingdom,0,0,0,03/01/2022
3952,United Kingdom,15,0,13,03/01/2021
3953,United Kingdom,622,10,478,03/01/2021
3954,United Kingdom,86,1,74,03/01/2021
3955,United Kingdom,338,2,294,03/01/2021
3956,United Kingdom,0,0,2621,03/01/2021
3957,United Kingdom,2286803,83003,0,03/01/2021
3958,United Kingdom,29,0,17,03/01/2021
3959,United Kingdom,2406,8,1447,03/01/2021
3960,United Kingdom,380,25,355,03/01/2021
3961,United Kingdom,13,1,12,03/01/2021
3962,United Kingdom,78072,1954,0,03/01/2021
3963,United Kingdom,4,0,3,03/01/2021
3964,United Kingdom,134593,6987,0,03/01/2021
3965,United Kingdom,910,6,783,03/01/2021
3966,United Kingdom,0,103,0,03/01/2021
3967,United Kingdom,155311,5400,0,03/01/2021
4004,United Kingdom,2783,44,0,03/01/2021
4005,United Kingdom,299,16,0,03/01/2021
4011,United Kingdom,0,0,0,03/01/2021
3987,United Kingdom,3904,12,,02/01/2023
3988,United Kingdom,18622,153,,02/01/2023
3989,United Kingdom,7305,64,,02/01/2023
3990,United Kingdom,31472,37,,02/01/2023
3991,United Kingdom,0,0,,02/01/2023
3992,United Kingdom,20392339,183348,,02/01/2023
3993,United Kingdom,1930,0,,02/01/2023
3994,United Kingdom,20275,110,,02/01/2023
3995,United Kingdom,33910,66,,02/01/2023
3996,United Kingdom,38008,116,,02/01/2023
3997,United Kingdom,65130,146,,02/01/2023
3998,United Kingdom,1403,8,,02/01/2023
3999,United Kingdom,713294,5063,,02/01/2023
4000,United Kingdom,4,0,,02/01/2023
4001,United Kingdom,2166,0,,02/01/2023
4002,United Kingdom,2136695,16493,,02/01/2023
4003,United Kingdom,6479,36,,02/01/2023
4004,United Kingdom,0,332,,02/01/2023
4005,United Kingdom,892752,11315,,02/01/2023
3981,United Kingdom,1674,5,,02/01/2022
3982,United Kingdom,6420,110,,02/01/2022
3983,United Kingdom,3492,39,,02/01/2022
3984,United Kingdom,8943,12,,02/01/2022
3985,United Kingdom,0,0,,02/01/2022
3986,United Kingdom,11272332,151516,,02/01/2022
3987,United Kingdom,83,0,,02/01/2022
3988,United Kingdom,8821,100,,02/01/2022
3989,United Kingdom,13695,67,,02/01/2022
3990,United Kingdom,51,1,,02/01/2022
3991,United Kingdom,402069,4060,,02/01/2022
3992,United Kingdom,4,0,,02/01/2022
3993,United Kingdom,914841,12590,,02/01/2022
3994,United Kingdom,3560,26,,02/01/2022
3995,United Kingdom,0,253,,02/01/2022
3996,United Kingdom,646159,9324,,02/01/2022
4008,United Kingdom,19751,89,0,02/01/2022
4009,United Kingdom,8329,24,0,02/01/2022
4015,United Kingdom,0,0,0,02/01/2022
3951,United Kingdom,13,0,12,02/01/2021
3952,United Kingdom,622,10,478,02/01/2021
3953,United Kingdom,86,1,74,02/01/2021
3954,United Kingdom,338,2,294,02/01/2021
3955,United Kingdom,0,0,2445,02/01/2021
3956,United Kingdom,2239950,82319,0,02/01/2021
3957,United Kingdom,29,0,17,02/01/2021
3958,United Kingdom,2304,7,1274,02/01/2021
3959,United Kingdom,380,25,355,02/01/2021
3960,United Kingdom,13,1,12,02/01/2021
3961,United Kingdom,76410,1939,0,02/01/2021
3962,United Kingdom,4,0,3,02/01/2021
3963,United Kingdom,132129,6939,0,02/01/2021
3964,United Kingdom,909,6,783,02/01/2021
3965,United Kingdom,0,102,0,02/01/2021
3966,United Kingdom,151300,5341,0,02/01/2021
4003,United Kingdom,2762,44,0,02/01/2021
4004,United Kingdom,299,16,0,02/01/2021
4010,United Kingdom,0,0,0,02/01/2021
3987,United Kingdom,3904,12,,01/01/2023
3988,United Kingdom,18622,153,,01/01/2023
3989,United Kingdom,7305,64,,01/01/2023
3990,United Kingdom,31472,37,,01/01/2023
3991,United Kingdom,0,0,,01/01/2023
3992,United Kingdom,20392339,183247,,01/01/2023
3993,United Kingdom,1930,0,,01/01/2023
3994,United Kingdom,20275,110,,01/01/2023
3995,United Kingdom,33910,66,,01/01/2023
3996,United Kingdom,38008,116,,01/01/2023
3997,United Kingdom,65130,146,,01/01/2023
3998,United Kingdom,1403,8,,01/01/2023
3999,United Kingdom,713294,5059,,01/01/2023
4000,United Kingdom,4,0,,01/01/2023
4001,United Kingdom,2166,0,,01/01/2023
4002,United Kingdom,2136695,16481,,01/01/2023
4003,United Kingdom,6479,36,,01/01/2023
4004,United Kingdom,0,332,,01/01/2023
4005,United Kingdom,892752,11308,,01/01/2023
3981,United Kingdom,1674,5,,01/01/2022
3982,United Kingdom,6420,110,,01/01/2022
3983,United Kingdom,3492,39,,01/01/2022
3984,United Kingdom,8943,12,,01/01/2022
3985,United Kingdom,0,0,,01/01/2022
3986,United Kingdom,11151423,151373,,01/01/2022
3987,United Kingdom,83,0,,01/01/2022
3988,United Kingdom,8794,100,,01/01/2022
3989,United Kingdom,13695,67,,01/01/2022
3990,United Kingdom,50,1,,01/01/2022
3991,United Kingdom,402069,4054,,01/01/2022
3992,United Kingdom,4,0,,01/01/2022
3993,United Kingdom,914841,12580,,01/01/2022
3994,United Kingdom,3408,26,,01/01/2022
3995,United Kingdom,0,253,,01/01/2022
3996,United Kingdom,632125,9313,,01/01/2022
4008,United Kingdom,19428,89,0,01/01/2022
4009,United Kingdom,8081,24,0,01/01/2022
4015,United Kingdom,0,0,0,01/01/2022
3951,United Kingdom,13,0,12,01/01/2021
3952,United Kingdom,604,10,445,01/01/2021
3953,United Kingdom,86,1,74,01/01/2021
3954,United Kingdom,338,2,294,01/01/2021
3955,United Kingdom,0,0,2445,01/01/2021
3956,United Kingdom,2190702,81593,0,01/01/2021
3957,United Kingdom,29,0,17,01/01/2021
3958,United Kingdom,2212,7,1249,01/01/2021
3959,United Kingdom,377,25,348,01/01/2021
3960,United Kingdom,13,1,12,01/01/2021
3961,United Kingdom,72834,1922,0,01/01/2021
3962,United Kingdom,4,0,3,01/01/2021
3963,United Kingdom,129992,6890,0,01/01/2021
3964,United Kingdom,893,6,783,01/01/2021
3965,United Kingdom,0,101,0,01/01/2021
3966,United Kingdom,148537,5301,0,01/01/2021
4003,United Kingdom,2739,42,0,01/01/2021
4004,United Kingdom,298,16,0,01/01/2021
4010,United Kingdom,0,0,0,01/01/2021
